x_image	y_image	clusters	TABULA_MURIS_SENIS_BRAIN_MYELOID_MICROGLIAL_CELL_AGEING	TABULA_MURIS_SENIS_BRAIN_NON_MYELOID_ASTROCYTE_AGEING	TABULA_MURIS_SENIS_BRAIN_NON_MYELOID_ENDOTHELIAL_CELL_AGEING	TABULA_MURIS_SENIS_BRAIN_NON_MYELOID_NEURON_AGEING	TABULA_MURIS_SENIS_BRAIN_NON_MYELOID_OLIGODENDROCYTE_AGEING
18880	17908	1	0	100	0	100	100
21916	10078	7	0	0	0	0	0
9295	10852	8	0	100	0	100	100
11323	8325	6	100	0	100	100	100
14530	19934	14	0	100	0	100	100
16697	12610	11	100	0	100	100	100
22362	17904	1	0	100	0	100	100
21203	19420	1	0	100	0	100	100
21634	15633	9	0.201	0	0.201	0.201	0.201
14952	10088	3	0	0	0	0	0
22938	14874	9	5.85	93.949	5.85	99.799	99.799
14234	15390	10	100	0	100	100	100
20622	18916	5	0.001	94.115	0.001	94.116	94.116
9147	8581	4	0	100	0	100	100
12788	18926	14	0	100	0	100	100
18870	10335	2	100	0	100	100	99.611
19161	10839	2	100	0	100	100	100
18009	17909	10	0	100	0	100	100
21921	13613	15	99.974	0	99.978	99.98	99.974
15242	9582	7	100	0	100	100	100
20614	12352	7	100	0	100	100	100
13357	10342	16	0	0	0	0	0
21344	16138	9	55.363	0	55.363	55.363	55.363
15253	18166	5	0	0	0	0	0
12635	13120	6	99.611	0.389	99.611	100	100
13650	12866	3	100	0	100	100	100
17719	17910	5	0	99.951	0	99.951	99.951
18876	14879	12	100	0	100	100	100
21920	12603	13	100	0	100	100	100
9726	7570	0	0	100	0	100	100
22507	17651	1	0.002	99.803	0.002	99.804	99.805
18302	19929	1	0	100	0	100	100
10019	9589	0	0	49.805	0	49.805	49.805
11331	14384	0	0	99.994	0	99.994	99.994
8864	14135	15	0	0	100	100	0
14674	19176	4	0	100	0	100	100
8278	10096	15	0	0	100	100	0
9725	6560	3	0	100	0	100	100
14962	17661	0	0	0	0	0	0
9735	14134	4	0	100	0	100	100
19601	14626	13	100	0	100	100	100
21636	17147	1	0	0	0	0	0
8717	12368	4	0	100	0	100	100
18592	19928	1	0	100	0	100	100
19161	11344	2	33.327	0	33.327	99.98	33.327
15400	19428	8	0	100	0	100	100
15395	15388	10	100	0	100	100	100
18579	9830	2	100	0	100	100	100
14528	18419	8	0	100	0	100	100
22355	12350	7	100	0	100	100	100
18589	17404	10	0	100	0	100	100
12931	17664	8	0	100	0	100	100
16265	15387	6	100	0	100	100	100
20329	16392	9	0	0	0	0	0
14670	15642	10	0.006	99.994	0.006	100	99.994
10889	9588	0	0	99.997	0	99.997	99.997
11324	9335	6	100	0	100	100	100
11042	15394	8	0	100	0	100	100
17286	19173	5	0	0	0	0	0
15971	12358	11	100	0	100	100	100
11618	11859	6	100	0	100	100	100
18590	18414	5	0	0.049	0	0.049	0.049
18728	12607	11	100	0	100	100	100
11178	8073	0	100	0	100	100	100
21348	19167	1	0	99.988	0	99.988	99.988
14817	17409	5	0	99.225	0	99.225	99.225
14816	16399	10	0.049	99.951	0.049	100	100
18158	20686	15	0	0	0	0	0
9154	14134	4	0	100	0	100	100
23230	15883	9	0	39.506	0	39.506	39.506
23521	16387	9	0	99.997	0	99.997	99.997
15100	12359	2	0.775	0	0.775	0.775	0.775
9155	14639	14	0	100	0	100	100
16407	12610	11	100	0	100	100	100
9441	11610	8	0	100	0	100	100
16841	12357	2	100	0	100	100	100
10885	6559	0	0	20	0	20	20
18296	14880	12	100	0	100	100	100
23376	16640	9	0	99.998	0	99.998	99.998
23523	18407	1	0	100	0	100	100
19317	19170	6	100	0	100	100	0
10306	7064	0	0	99.951	0	99.951	99.951
15096	8825	7	0.008	0	0.001	0.001	0.001
15826	12611	11	100	0	100	100	100
12201	14383	0	0	0	0	0	0
21048	11594	7	0	0	0	0	0
17860	14628	12	100	0	100	100	100
22353	10835	7	100	0	100	100	100
10752	15395	8	0	100	0	100	100
11911	13878	0	0	3.03	0	3.03	3.03
18586	14879	12	100	0	100	100	100
16990	15134	6	100	0	100	100	100
18580	10335	2	100	0	100	100	100
12059	16655	8	0	100	0	100	100
9733	13124	4	0	100	0	100	100
19885	10081	2	100	0	100	100	100
23375	16135	9	0	99.95	0	99.95	99.95
8860	11105	4	0	100	0	100	100
20321	10333	2	100	0	100	100	100
9148	9085	4	0	100	0	100	100
20329	16897	1	0	0	0	0	0
10164	9841	0	0	0	0	0	0
9587	12367	8	0	100	0	100	100
10743	8326	0	0	0.001	0	0.001	0.001
15546	20185	4	0	100	0	100	100
11903	8324	6	100	0	100	100	100
17708	9327	2	88.889	0	88.889	94.444	88.889
21349	19672	1	0	0	0	0	0
21345	16643	1	0	0	0	0	0
19891	14625	13	100	0	100	100	100
8427	12368	15	0	100	0	100	100
12061	18170	4	0	100	0	100	100
16695	11600	2	100	0	100	100	100
21772	10836	7	0	0	0	0	0
13949	19429	4	0	100	0	100	100
21197	14876	9	96.15	3.645	96.15	96.878	3.648
18584	13365	11	100	0	100	100	100
18883	20433	14	0	100	0	100	100
9583	9337	8	0	100	0	100	100
16549	10338	2	99.201	0.024	99.201	99.225	99.225
12058	15645	0	0	0	0	0	0
18732	15636	12	100	0	100	100	100
19892	15130	12	100	0	100	100	100
13798	15138	6	100	0	100	100	100
19314	16645	10	0.039	4.752	0.039	4.771	4.789
10318	16657	15	0	0	100	100	0
9146	7571	14	0	100	0	100	100
12488	11353	3	67.01	32.99	67.01	100	100
14370	8574	3	100	100	100	100	100
18442	15637	12	100	0	100	100	99.902
14371	9079	3	99.953	0	99.953	100	99.953
17274	10085	2	100	0	100	100	100
18445	18161	5	0	0.049	0	0.049	0.049
14964	18671	8	0	100	0	100	100
17419	10337	2	99.482	0	99.482	99.482	66.321
20188	19674	1	0	99.988	0	99.988	99.988
15682	13368	12	100	0	100	100	100
9009	13882	4	0	100	0	100	100
10605	14132	8	0	100	0	100	100
20624	20430	15	0	0	100	100	0
16258	10338	2	0	100	0	100	100
9877	12366	8	0	100	0	100	100
9725	7065	0	0	100	0	100	100
21493	19420	1	0	98.462	0	98.462	98.462
17134	14376	12	100	0	100	100	100
23078	10582	7	0	0	0	0	0
13363	15391	5	0.003	99.899	0.003	99.902	99.902
23232	17903	1	0	100	0	100	100
18290	10336	2	0.024	0	0.024	0.024	0.024
14527	17914	5	0	0.006	0	0.006	0.006
22211	13612	9	0.012	0	0.014	0.014	0.013
12493	15392	0	0	0	0	0	0
10899	16657	4	0	100	0	100	100
11477	15141	0	0	100	0	100	100
21337	11089	7	100	0	100	100	100
15537	13621	12	100	0	100	100	100
15545	19680	8	0	100	0	100	100
15539	14631	6	100	0	100	100	100
12193	8324	6	100	0	100	100	100
13658	18925	4	0	100	0	100	100
16850	18921	5	0	100	0	100	100
10888	8578	0	0	100	0	100	100
22505	16641	1	0	0.002	0	0.002	0.002
14380	16147	10	100	0	100	100	100
20031	10838	2	100	0	100	100	100
14228	10846	16	0	0	0	0	0
10601	11103	0	0	0.003	0	0.003	0.003
16984	10085	2	100	0	100	100	100
16125	19174	5	0	99.611	0	99.611	99.611
15982	20437	14	0	100	0	100	100
20322	11343	7	100	0	100	100	100
14080	8574	3	100	100	100	100	100
21926	17147	1	0	0.096	0	0.096	0.096
21199	16391	9	0.001	0.002	0.001	0.002	0.002
12338	8071	0	99.999	0	99.999	99.999	99.999
12350	17160	8	0	100	0	100	100
16996	19678	8	0	100	0	100	100
13071	13877	6	0	0	0	0	0
20757	11090	7	100	0	100	100	100
22794	15631	9	0	0.195	0	0.195	0.195
16257	9329	7	100	0	100	100	99.994
15691	20437	14	0	100	0	100	100
20187	19169	1	0.024	99.976	0.024	100	99.976
18869	9325	2	100	0	100	100	5.882
13359	11857	3	0	100	0	100	100
11326	10850	6	100	0	100	100	100
17714	13871	11	100	0	100	100	100
10602	12113	0	0	96.97	0	96.97	96.97
19742	11848	11	100	0	100	100	100
12197	10849	3	1.538	98.462	1.538	100	100
11031	7316	0	0	0	0	0	0
17418	9327	2	99.902	0	99.902	99.902	99.902
21924	16137	1	0	0.002	0	0	0
14673	18166	0	0	100	0	100	100
23522	17397	1	0	100	0	100	100
16851	19931	8	0	100	0	100	100
12933	19178	14	0	100	0	100	100
14813	14379	6	0	0	0	0	0
18582	12355	11	100	0	100	100	100
20611	10333	7	100	0	100	100	100
19450	9829	2	100	0	100	100	100
19754	20432	14	0.003	99.997	0.003	100	100
9583	8832	8	0	100	0	100	100
9589	13376	4	0	100	0	100	100
21628	11089	7	0.003	0	0.003	0.003	0.003
21485	12856	13	100	0	100	100	100
8718	13378	14	0	100	0	100	100
16996	19173	5	0	100	0	100	100
20326	14372	13	100	0	100	100	100
16846	15891	10	0.049	99.951	0.049	100	100
14379	15137	10	0	100	0	100	100
20033	12353	13	100	0	100	100	100
11473	12112	6	100	0	100	100	100
15399	18923	8	0	100	0	100	100
21053	15129	9	2.845	21.486	2.845	21.943	21.934
21349	20177	1	0	100	0	100	100
14086	13118	6	100	0	100	100	100
15832	17155	10	0	100	0	100	100
15533	10592	2	99.997	0	99.997	99.997	99.997
13790	9079	3	100	0	100	100	100
9731	11104	8	0	100	0	100	100
14231	12865	6	100	0	100	100	100
19746	14373	13	100	0	100	100	100
16998	20688	14	0	100	0	100	100
20910	16896	1	0	0	0	0	0
13934	8322	3	100	100	100	100	100
13209	8070	6	100	0	100	100	100
8858	9591	4	0	100	0	100	100
22359	15379	9	90.908	73.863	90.908	92.045	92.045
14819	18923	8	0	100	0	100	100
14956	13117	2	100	0	100	100	100
19306	11092	2	100	0	100	100	100
14381	17157	5	0	98.462	0	98.462	98.462
15244	11097	2	100	0	100	100	100
10892	11608	0	0	100	0	100	100
21630	13108	13	100	0	100	100	100
15108	17913	5	0	99.951	0	99.951	99.951
23669	18659	1	0	100	0	100	100
19462	19422	5	0	0	0	0	0
11187	15142	8	0	100	0	100	100
20476	18159	1	5.882	94.118	5.882	100	100
20903	11847	7	0	0	0	0	0
15978	17912	5	0	99.225	0	99.225	99.225
11176	6558	0	0	100	0	100	100
15249	15136	6	100	0	100	100	100
20325	13362	13	100	0	100	100	100
23085	16136	9	0	99.899	0	99.899	99.899
15387	9330	7	100	0	100	100	100
23513	10834	7	100	0	100	100	100
8567	9086	15	0	0	100	100	0
16551	12358	2	100	0	100	100	100
16549	10843	2	100	0	100	100	100
17431	19425	5	0	100	0	100	100
23515	12348	15	0	0	0	0	0
15391	12359	2	100	0	100	100	100
17273	9580	2	0	0	0	0.389	0
16852	20435	4	0	100	0	100	100
15397	17408	5	0	0.098	0	0.098	0.098
22499	12097	7	100	0	100	100	99.997
23524	18912	1	0	99.998	0	99.998	99.998
16553	13872	12	100	0	100	100	100
10896	14637	8	0	100	0	100	100
13215	13119	3	0	100	0	100	100
14522	13875	6	100	0	100	100	100
19026	18665	5	11.168	99.728	11.168	99.815	99.815
18292	12355	11	100	0	100	100	100
12778	11858	3	0.098	99.902	0.098	100	100
18289	9831	2	0	0	0	0	0
16119	14630	6	100	0	100	100	100
23662	13610	15	0	0	100	100	0
15679	10844	2	88.571	0	88.571	88.571	88.571
12346	14130	0	0	50	0	50	50
20615	13362	13	100	0	100	100	100
14233	14380	6	0	0	0	0	0
23222	10329	7	0	0	0	0	0
15829	14630	6	100	0	100	100	100
18001	11851	2	10.775	5.932	12.833	14.407	21.186
11616	10849	3	99.799	99.799	99.799	99.994	99.994
9293	9338	8	0	100	0	100	100
20912	18411	1	0	100	0	100	100
19454	13363	13	100	0	100	100	100
14661	9078	15	0	0	0	0	0
13363	14886	6	100	0	100	100	66.667
10017	8075	0	0	0	0	0	0
20043	19421	1	0	100	0	100	100
11911	14383	0	0	0.049	0	0.049	0.049
18005	14880	12	100	0	100	100	100
10160	6812	0	0	100	0	100	100
23666	16640	1	0	100	0	100	100
14527	17409	5	0	0	0	0	0
22509	19671	1	0	100	0	100	100
22938	14369	9	0	0	0	0	0
19463	19927	1	0	88.889	0	88.889	88.889
23379	18660	1	0	100	0	100	100
11620	13374	0	0	0.775	0	0.775	0.775
22361	17399	1	0	0.019	0	0.015	0.015
10747	11355	0	0	100	0	100	100
17128	9832	2	0.006	0	0.006	0.006	0.006
19313	16141	9	0.099	0.002	0.099	0.1	0.1
16118	14125	12	100	0	100	100	100
13219	16149	5	0	0	0	0	0
19460	17908	1	0	100	0	100	100
20614	12857	13	100	0	100	100	100
13069	12362	3	0	100	0	100	100
18726	11092	2	100	0	100	100	100
14668	14632	6	0	0	0	0	0
10314	13628	8	0	100	0	100	100
12784	15897	0	0	99.951	0	99.951	99.951
16991	15639	6	100	0	100	100	100
9005	10853	4	0	100	0	100	100
14672	17661	5	0	0	0	0	0
22788	11087	7	0	0	0	0	0
20185	17149	1	0	100	0	100	100
10598	8579	0	0	0	0	0	0
13801	17158	5	0	0	0	0	0
13218	15139	0	98.455	0.006	98.455	98.461	98.461
18586	15384	12	100	0	100	100	100
22934	11339	7	0	0	0	0	0
19172	19423	5	0	94.029	0	94.029	94.029
22070	16894	1	0.195	0.098	0.195	0.292	0.292
15533	10087	13	100	0	100	100	100
19603	16140	9	0.103	0.003	0.101	0.101	0.101
15978	17407	5	99.992	0.008	99.992	100	100
23232	17398	1	0	100	0	100	100
16260	11853	2	100	0	100	100	100
18008	16900	10	11.112	88.888	11.112	100	100
20758	11595	7	99.902	0	99.902	99.902	99.902
11762	11102	3	100	100	100	100	100
17427	16396	10	100	0	100	100	100
9291	7823	4	0	100	0	100	100
8570	11106	4	0	100	0	100	100
17565	10589	2	99.988	0	99.988	99.988	99.988
11761	10597	3	100	100	100	100	100
19459	16898	10	0.8	96.235	0.8	96.985	96.987
22939	15378	9	0	0.061	0	0.022	0.022
23519	14873	9	0	0.389	0	0.389	0.389
19159	9830	2	100	0	100	100	100
22647	13864	9	0	0	0	0	0
17715	14880	12	100	0	100	100	100
10751	14385	8	0	100	0	100	100
13221	17663	8	0	100	0	100	100
8859	10096	4	0	100	0	100	100
21491	17400	1	0	0	0	0	0
9591	14891	4	0	100	0	100	100
11324	8830	6	100	0	100	100	0.013
18155	18162	5	0.195	99.999	0.195	100	100
21194	12351	13	100	0	100	100	100
12918	7566	0	0	0.024	0	0.024	0.024
21632	14118	9	99.628	0.348	99.628	99.975	99.973
15980	19427	8	0	100	0	100	100
11770	17160	4	0	100	0	100	100
14666	12612	2	100	0	100	100	100
21636	17652	1	0	0	0	0	0
19308	12101	11	0	0	0	0	0
18583	12860	11	100	0	100	100	100
18004	13870	11	100	0	100	100	100
14376	13118	6	100	0	100	100	100
16269	18417	5	0	0	0	0	0
9733	12619	8	0	100	0	100	100
21049	12604	7	100	0	100	100	100
23224	11844	7	100	0	100	100	99.805
20327	14877	12	100	0	100	100	100
21917	10583	7	100	0	100	100	100
15976	15893	10	100	0	100	100	100
14954	11097	2	0	0	0	0	0
18448	20181	4	0	100	0	100	100
13946	17410	5	0	0	0	0	0
21051	14119	13	100	0	100	100	100
20912	18915	1	0.009	99.99	0.009	100	100
16700	15134	6	100	0	100	100	100
18012	19929	1	0	100	0	100	100
20044	20431	14	0	100	0	100	100
19460	17403	1	0	100	0	100	100
12642	18169	4	0	100	0	100	100
10026	15143	4	0	100	0	100	100
12052	11101	3	99.902	0.098	99.902	100	100
18288	9326	2	100	0	100	100	100
19741	10839	2	100	0	100	100	100
18734	17151	10	100	0	100	100	0
23229	15378	9	0.002	79.003	0.002	79.005	79.005
18292	11850	11	100	0	100	100	100
10897	15142	8	0	100	0	100	100
8568	9591	14	0	100	0	100	100
21483	11341	7	0	0	0	0	0
9437	8580	8	0	100	0	100	100
21341	14118	15	100	0	100	100	98.462
9581	7823	0	0	100	0	100	100
14814	15389	10	100	0	100	100	100
20031	10333	2	100	0	100	100	100
22795	16136	9	0.048	98.404	0.048	98.452	98.453
12776	10343	3	0.776	99.224	0.776	100	100
17857	12608	11	100	0	100	100	100
20181	14120	13	100	0	100	100	100
18011	19424	5	0	100	0	100	100
12341	10091	3	11.111	88.879	11.111	99.989	99.989
17858	13113	11	100	0	100	100	100
11325	9840	6	100	0	100	100	100
18146	11093	2	100	0	100	100	100
18877	15384	12	100	0	100	100	100
19024	17151	10	0	100	0	100	100
11617	11354	3	99.869	0.13	99.869	99.999	99.999
16848	17406	10	0	100	0	100	100
8857	8581	14	0	100	0	100	100
18154	17657	10	0	11.111	0	11.111	11.111
12491	13878	6	100	0	100	100	100
14663	10593	3	99.997	0	99.997	99.997	99.997
22794	15126	9	0	98.014	0	98.014	98.014
14238	18419	8	0	100	0	100	100
9729	9590	0	0	80	0	80	80
14081	9584	16	0	0	0	0	0
12490	12868	3	1.375	87.667	1.375	89.042	89.042
17577	20182	4	0	100	0	100	100
9296	11862	4	0	100	0	100	100
16987	12609	11	100	0	100	100	100
16120	15135	6	100	0	100	100	100
21783	18914	1	0	100	0	100	100
23379	19165	1	0	100	0	100	100
21638	19167	1	0	100	0	100	100
20181	14625	12	100	0	100	100	100
20904	12352	7	100	0	100	100	100
12776	9838	3	80.046	19.932	80.046	99.98	99.978
14371	9583	16	0	0	0	0	0
9593	16911	15	0	0	100	100	0
9442	12619	4	0	100	0	100	100
13223	19178	4	0	100	0	100	100
21926	17652	1	0.451	46.257	0.451	46.618	46.618
23080	12096	7	100	0	100	100	100
16550	11348	2	100	0	100	100	100
17136	15891	12	100	0	100	100	0.049
18724	9578	2	100	0	100	100	100
14090	16147	5	20	0	20	20	20
18585	14374	12	100	0	100	100	100
11764	13121	0	0	0	0	0	0
12202	14888	0	0	33.333	0	33.333	33.333
18731	14627	12	100	0	100	100	100
20189	20179	1	0	100	0	100	100
10020	10599	0	0	80	0	80	80
19312	15131	12	100	0	100	100	100
15541	16146	10	0.098	99.902	0.098	100	100
14523	14380	6	0	0	0	0	0
14965	19681	4	0	100	0	100	100
13503	11099	3	0	0	0	0	0
20033	11848	2	100	0	100	100	100
20468	12100	7	100	0	100	100	100
21193	11847	7	0	0	0	0	0
16707	20688	15	0	0	100	100	0
17863	16647	10	0.001	88.888	0.001	88.889	88.889
14085	12613	6	100	0	100	100	100
19308	12606	11	100	0	100	100	100
22509	19166	1	0	100	0	100	100
11035	10345	0	100	0	100	100	100
13803	18672	8	0	100	0	100	100
13216	13624	6	11.111	0	11.111	11.111	11.111
20755	9575	7	100	0	100	100	100
10018	9084	0	0	0	0	0	0
14666	13117	6	100	0	100	100	100
17137	16396	10	100	0	100	100	100
10454	9841	0	0	0	0	0	0
14960	16146	10	3.053	96.947	3.053	100	100
11326	10345	6	99.951	0	99.951	99.951	99.951
18882	19423	5	0	0	0	0	0
17861	15638	12	100	0	100	100	100
13794	11604	3	0	0	0	0	0
23513	10329	7	0	0	0	0	0
10606	15142	8	0	100	0	100	100
9150	10600	4	0	100	0	100	100
17287	20182	4	0	100	0	100	100
21929	19671	1	0	0	0	0	0
12774	8828	3	100	100	100	100	100
11907	11354	3	100	100	100	100	100
12196	10344	3	49.23	49.23	49.23	98.46	98.46
9006	11863	4	0	100	0	100	100
12051	10091	3	0.583	99.417	0.583	100	100
14373	10593	16	0	0	0	0	0
14089	15643	6	100	0	100	100	0.024
13508	15138	6	100	0	100	100	100
20466	10080	2	100	0	100	100	100
21343	15633	9	66.148	0.517	66.148	66.663	66.667
19168	16393	10	83.169	4.39	21.235	20.722	21.239
18881	18918	5	0	99.988	0	99.988	99.988
15687	17408	5	0	0.003	0	0.003	0.003
19891	14120	13	100	0	100	100	100
16264	14882	6	100	0	100	100	100
13511	17663	0	0	94.118	0	94.118	94.118
11622	14888	0	0	99.224	0	99.224	99.224
20906	13866	13	100	0	100	100	100
22648	14874	9	0.003	5.924	0.003	5.927	5.927
11913	15898	8	0	100	0	100	100
13656	17410	0	0	100	0	100	100
9582	8328	8	0	100	0	100	100
17998	9326	2	100	0	100	100	100
10316	15143	4	0	100	0	100	100
22643	10835	7	100	0	100	100	100
13076	17411	8	0	100	0	100	100
12486	10343	3	100	0	100	100	100
11766	14636	0	0	0	0	0	0
14669	15137	10	99.988	0.012	99.988	100	100
20476	17654	1	0.008	66.661	0.008	66.661	66.669
18435	10588	2	0.001	0	0.001	47.06	0.001
16118	13620	12	100	0	100	100	100
17282	16648	10	99.998	0.002	99.998	100	99.225
21057	18158	1	0	100	0	100	100
15536	12611	2	100	0	100	100	100
20319	9323	2	100	0	100	100	100
22644	11845	7	99.976	0	99.976	99.976	99.976
14810	12360	2	100	0	100	100	100
16702	16649	10	0	100	0	100	100
14088	14633	10	0	0	0	0	0
23226	12854	15	0	0	0	0	0
18737	19171	5	0	100	0	100	100
18013	20434	14	0	100	0	100	100
18434	10083	2	100	0	100	100	100
17564	10084	2	99.999	0	99.999	100	99.999
22074	19924	1	0	100	0	100	100
21485	13361	13	100	0	100	100	100
8423	9844	14	0	100	0	100	100
13509	15643	5	99.605	0.389	99.605	99.994	99.994
15532	9582	7	0.006	0	0.006	0.006	0.006
13792	10594	3	5.556	5.556	5.556	11.111	11.111
14815	15894	10	0	100	0	100	100
16701	15639	6	100	0	100	100	0.195
14818	17914	5	0	0	0	0	0
17865	18667	5	0	88.811	0	88.811	88.811
22796	16641	1	0.061	49.96	0.061	50.009	50.009
9586	11357	8	0	100	0	100	100
11624	16908	4	0	100	0	100	100
19748	15888	9	3.03	0	3.03	3.03	3.03
20472	15129	9	81.364	4.686	81.364	81.4	81.4
12349	16655	8	0	100	0	100	100
15535	12106	2	100	0	100	100	100
16557	16902	10	0	100	0	100	100
21920	13108	15	100	0	100	100	100
14094	19682	14	0	100	0	100	100
12929	16149	5	0	0	0	0	0
10595	6559	0	0	99.805	0	99.805	99.805
19458	16393	9	5.882	5.881	5.882	5.882	5.884
13936	9836	16	0	0	0	0	0
20766	17653	1	0.011	93.418	0.011	93.43	93.43
10897	15647	8	0	100	0	100	100
9007	12367	4	0	100	0	100	100
23523	17902	1	0	100	0	100	100
21192	10837	7	100	0	100	100	100
12642	18674	4	0	100	0	100	100
17722	19929	4	0	100	0	100	100
17866	19172	5	0	94.009	0	94.009	94.009
12345	13625	6	100	0	100	100	100
21780	16390	1	0.049	0.049	0.049	0.049	0.049
15690	19427	8	0	100	0	100	100
19599	13111	11	100	0	100	100	100
11474	12617	0	0	0	0	0	0
12787	18421	4	0	100	0	100	100
21784	19419	1	0	100	0	100	100
20179	12605	13	100	0	100	100	100
17574	17658	10	0	100	0	100	100
21057	18663	1	0	99.756	0	99.756	99.756
12786	17916	8	0	100	0	100	100
10750	13880	8	0	100	0	100	100
21341	13613	13	100	0	100	100	100
16559	17911	5	0	0	0	0	0
10306	7569	0	0.001	96.969	0.001	96.97	96.97
9727	8075	0	0	100	0	100	100
17420	11347	2	10.553	0	10.553	94.651	10.553
15541	16650	10	0	100	0	100	100
12050	9587	3	100	99.999	100	100	100
11040	13879	0	0	100	0	100	100
16562	20436	4	0	100	0	100	100
17430	18415	5	0	99.975	0	99.975	99.975
16124	18669	5	0	100	0	100	100
21336	10079	7	100	0	100	100	100
9581	7318	0	0	100	0	100	100
21930	20176	1	0	100	0	100	100
8714	10348	4	0	100	0	100	100
12921	10090	3	0	100	0	100	100
22069	15885	9	16.037	63.705	16.037	71.655	79.618
14963	18166	5	0	99.951	0	99.951	99.951
22646	13359	15	0	0	0	0	0
23084	15126	9	0	0	0	0	0
12494	16402	0	0	98.462	0	98.462	98.462
10754	16909	14	0	100	0	100	100
16703	17659	10	97.015	2.985	97.015	100	100
17723	20434	14	0	100	0	100	100
22507	18156	1	0	100	0	100	100
11915	16908	8	0	100	0	100	100
22653	18913	1	0	94.118	0	94.118	94.118
22800	19670	1	0	100	0	100	100
23517	13863	9	0.195	0	99.999	99.999	0.195
15968	9834	7	99.997	0	99.997	99.997	99.997
18144	10083	2	99.219	0	99.219	99.222	99.219
10749	13375	0	0	0.195	0	0.195	0.195
14816	16904	5	0	100	0	100	100
15099	11350	2	100	0	100	100	100
21195	12856	13	100	0	100	100	100
18871	11345	2	100	0	100	100	100
15974	14883	6	100	0	100	100	100
22642	10330	7	99.611	0	99.611	99.611	99.611
20479	20178	1	0	99.997	0	99.997	99.997
11032	7821	0	0	0	0	0	0
18010	18414	5	0	99.791	0	99.791	99.791
22502	14117	9	0	99.999	0	99.999	99.999
18446	19171	5	0	86.195	0	86.195	86.195
17715	14376	12	100	0	100	100	100
21919	12098	7	0	0	0	0	0
14668	14127	6	100	0	100	100	100
14375	12108	2	0	0	0	0	0
21491	17905	1	0	99.126	0	99.126	99.126
12487	10848	3	5.969	92.582	5.969	98.553	98.551
18148	13113	11	100	0	100	100	100
18158	20181	4	0	100	0	100	100
22073	18914	1	0	100	0	100	100
13796	13623	6	100	0	100	100	100
13945	16400	5	0	5.882	0	5.882	5.882
15822	9582	7	100	0	100	100	100
10740	6306	14	0	100	0	100	100
14519	11855	2	0	0	0	0	0
18298	16899	12	100	0	100	100	100
20901	10332	7	100	0	100	100	100
14093	18672	8	0	100	0	100	100
21782	18409	1	0	100	0	100	100
20469	12605	13	100	0	100	100	100
11480	17161	4	0	100	0	100	100
17717	16395	10	100	0	100	100	100
10887	8073	0	88.889	11.111	88.889	100	100
17430	18920	5	0	0.775	0	0.775	0.775
13798	14633	10	0	0	0	0	0
14964	19176	8	0	100	0	100	100
20330	17401	1	0	0.685	0	0.685	0.685
18737	19676	5	0	100	0	100	100
10597	8074	0	0	0	0	0	0
9438	9590	8	0	100	0	100	100
15686	16398	10	80	20	80	100	100
15397	16903	10	100	0	100	100	100
17426	15386	6	100	0	100	100	100
20176	10586	2	100	0	100	100	100
9443	13124	4	0	100	0	100	100
20624	19926	1	0	99.976	0	99.976	99.976
15685	15388	6	100	0	100	100	100
11475	13626	0	0	0	0	0	0
19451	10839	2	99.994	0	99.994	99.994	99.994
23084	15631	9	93.73	5.996	93.73	99.724	99.724
20185	17654	1	0	100	0	100	100
10598	9084	0	0	0	0	0	0
19027	19675	1	0	100	0	100	100
16986	12104	11	100	0	100	100	100
12634	12615	3	0	0	0	0	0
16126	20184	4	0	100	0	100	100
13504	11604	3	0	0	0	0	0
15544	18670	0	0	100	0	100	100
10451	7317	0	0	0	0	0	0
17864	17657	10	0	100	0	100	100
15967	9329	7	100	0	100	100	100
11479	16656	4	0	100	0	100	100
12199	12868	6	100	0	100	100	100
12628	8071	6	100	0	100	100	100
19600	13616	13	100	0	100	100	100
12484	8829	3	100	0.012	100	100	100
13500	8575	3	100	100	100	100	100
15394	14884	6	100	0	100	100	100
12193	7819	0	0	0	0	0	0
15254	19175	8	0	100	0	100	100
11912	14888	0	0	99.951	0	99.951	99.951
20908	15886	9	0	0	0	0	0
16554	14377	12	100	0	100	100	100
17575	18667	5	0	0	0	0	0
16411	15640	12	100	0	100	100	100
19025	17656	1	0	100	0	100	100
11468	8073	6	100	0	100	100	100
13796	13118	6	100	0	100	100	100
18295	14375	12	100	0	100	100	100
11336	17918	14	0	100	0	100	100
8423	9339	15	0	0	100	100	0
9298	13377	4	0	100	0	100	100
17575	18162	5	0	0	0	0	0
23661	12601	15	0	0	0	0	0
13937	10341	3	0	0	0	0	0
11472	11607	6	100	0	100	100	100
9290	7318	4	0	100	0	100	100
15822	9077	7	99.997	0	99.997	99.997	99.997
23378	18155	1	0	99.999	0	99.999	99.999
19894	16645	9	0	0	0	0	0
20039	16392	9	0	0	0	0	0
18441	15132	13	100	0	100	100	0
22654	19418	1	0	0	0	0	0
19602	15130	12	100	0	100	100	100
14808	10845	3	0	0	0	0	0
17280	15133	13	100	0	100	100	100
12636	14130	6	100	0	100	100	100
18873	12354	11	100	0	100	100	100
9732	12114	8	0	100	0	100	100
14374	11603	3	0	0	0	0	0
12199	12363	3	66.667	83.333	66.667	83.333	83.333
21629	12098	7	100	0	100	100	100
11322	7820	6	100	0	100	100	98.462
16413	17659	5	99.517	0.377	99.517	99.894	99.891
11769	16655	8	0	100	0	100	100
9729	10094	0	0	100	0	100	100
20039	16897	9	0	0	0	0	0
13212	10595	16	0	0	0	0	0
8713	9338	4	0	100	0	100	100
16705	19173	5	0	100	0	100	100
22217	17651	1	0.097	0.099	0.097	0.099	0.099
15254	18670	5	0	100	0	100	100
11626	17918	14	0	100	0	100	100
13648	10847	3	0	0	0	0	0
21494	19924	1	0	0	0	0	0
22787	10077	7	4.464	0.372	4.464	4.835	4.835
19749	16897	9	0.001	0.001	0.001	0.001	0.001
19598	12101	11	100	0	100	100	100
15256	20185	14	0	100	0	100	100
20612	11342	7	100	0	100	100	100
15251	16146	10	0	100	0	100	100
20175	10081	2	100	0	100	100	100
18448	20686	15	0	0	0	0	0
15401	19932	4	0	100	0	100	100
8279	10601	15	0	0	100	100	0
19456	14878	12	100	0	100	100	100
14382	17662	5	0	50	0	50	50
13948	18420	8	0	100	0	100	100
20333	19926	1	0	0	0	0	0
13511	17158	0	0	100	0	100	100
17572	16143	12	100	0	100	100	100
15823	10086	7	100	0	100	100	100
14814	14884	6	0	0	0	0	0
21346	17653	1	0	0	0	0	0
22213	14622	9	0.001	66.661	0.001	66.662	66.662
14671	16652	5	0	0.003	0	0.003	0.003
12782	14887	0	0	100	0	100	100
14966	20185	15	0	99.611	0.389	100	99.611
22356	13360	15	98.459	0	98.459	98.466	98.46
22504	15631	1	98.461	98.461	98.461	98.461	98.461
21923	15127	9	99.611	99.608	99.611	99.611	99.611
17571	15133	12	100	0	100	100	100
16416	20184	4	0	100	0	100	100
12194	8829	3	100	0	100	100	100
12203	15898	0	0	0	0	0	0
10604	13628	8	0	100	0	100	100
19752	18917	1	0	100	0	100	100
12774	8323	6	100	0	100	100	100
14235	16400	5	0	5.882	0	5.882	5.882
15537	13116	2	100	0	100	100	100
12206	17917	4	0	100	0	100	100
11329	12869	0	0	0	0	0	0
17429	17910	5	98.465	1.535	98.465	100	99.952
12343	12111	3	0	0	0	100	0
18733	16646	10	0.007	99.999	0.007	99.999	100
11914	16403	8	0	100	0	100	100
17569	14123	11	100	0	100	100	100
12343	11606	3	4.522	96.958	4.522	99.988	99.988
18578	9325	2	99.997	0	99.997	99.997	99.997
11033	8326	0	76.471	4.706	76.471	81.176	81.176
16116	12106	2	100	0	100	100	100
21047	11089	7	100	0	100	100	100
16122	17155	10	0	100	0	100	100
9148	9590	4	0	100	0	100	100
20759	12604	7	100	0	100	100	100
22936	12854	15	0	0	0	0	0
22066	13865	9	2.789	2.677	2.629	2.718	2.718
8280	11611	15	0	0	100	100	0
10452	8326	0	0	0	0	0	0
17424	14376	12	99.988	0	99.988	99.988	99.988
23086	16641	9	0	0	0	0	0
14665	12108	2	15	0	15	15	15
23226	13359	15	0	0	100	100	0
12927	14634	6	100	0	100	100	100
18440	14627	13	100	0	100	100	100
17716	15385	12	100	0	100	100	100
16268	17912	5	0	100	0	100	100
20035	13868	13	100	0	100	100	100
14236	16905	5	0	0	0	0	0
14225	8826	3	100	0	100	100	100
19452	11849	11	99.998	0	99.998	100	99.998
12924	12615	3	0	0.389	0	0.389	0.389
11478	16151	8	0	100	0	100	100
11330	13374	0	0	11.111	0	11.111	11.111
10894	13122	0	0	0	0	0	0
23082	14116	9	0.342	0.031	77.613	77.641	0.333
18003	12860	11	100	0	100	100	100
10310	10599	0	0	0	0	0	0
14820	19428	4	0	100	0	100	100
11030	6306	3	0	100	0	100	100
10021	11609	0	0	99.998	0	99.998	99.998
20474	16139	9	0	0	0	0	0
17130	10842	2	100	0	100	100	100
15976	16397	10	0	100	0	100	100
23660	12096	7	0.024	0	0.024	0.024	0.024
14951	9078	7	0.389	0	0.389	0.389	0
16705	18668	5	0	0.049	0	0.049	0.049
11189	16656	4	0	100	0	100	100
9296	11357	8	0	100	0	100	100
10886	7064	0	0	0.006	0	0.006	0.006
12638	15644	0	0	0.003	0	0.003	0.003
11625	17413	4	0	100	0	100	100
10895	13627	0	0	100	0	100	100
8717	12873	14	0	100	0	100	100
15691	19932	4	0	100	0	100	100
13355	8827	3	100	11.111	100	100	100
15531	9077	7	0	0	0	0	0
23373	14116	9	0	0.009	0	0.009	0.009
9001	7823	14	0	100	0	100	100
19316	18160	5	0	0.775	0	0.775	0.775
16272	20436	4	0	100	0	100	100
21481	9827	7	100	0	100	100	100
21490	16895	1	0	0	0	0	0
14240	19934	14	0	100	0	100	100
19888	12101	11	100	0	100	100	100
22944	18913	1	0	100	0	100	100
16261	12358	2	100	0	100	100	100
23077	10077	7	3.395	0.012	3.395	3.407	3.407
9010	14387	14	0	100	0	100	100
13222	18168	8	0	100	0	100	100
22497	10078	7	0	0.195	0	0.195	0.195
19315	17655	1	0	100	0	100	100
11759	8577	6	100	0	100	100	100
9008	13377	4	0	100	0	100	100
14372	10088	16	0	0	0	0	0
15981	19932	14	0	100	0	100	100
10309	9589	0	0	0	0	0	0
21632	14623	9	0.109	0.097	0.109	0.11	0.11
9881	15396	4	0	100	0	100	100
22361	16894	1	0	99.998	0	99.998	99.998
21339	12604	13	100	0	100	100	100
13367	17916	8	0	100	0	100	100
12786	17411	8	0	100	0	100	100
16262	13368	11	100	0	100	100	100
17712	12356	11	100	0	100	100	100
9877	11861	8	0	100	0	100	100
21774	11846	7	0	0	0	0	0
11322	7315	0	0	0.012	0	0.012	0.012
16407	13115	11	100	0	100	100	100
9146	8076	4	0	100	0	100	100
21345	17148	1	0	0	0	0	0
22645	12349	7	100	0	100	100	100
12207	18422	4	0	100	0	100	100
20618	15382	9	73.492	0.078	73.488	71.289	73.501
10454	9336	0	0	0	0	0	0
18007	16395	12	100	0	100	100	100
8425	11358	14	0	100	0	100	100
17139	17911	5	0.006	5.882	0.006	5.888	5.888
15098	10845	2	0	0	0	0	0
18733	16141	12	100	0	100	100	100
20478	19168	1	0	100	0	100	100
10017	8579	0	0	100	0	100	100
23520	15883	9	0	100	0	100	100
12347	14635	0	0	0	0	0	0
18002	12356	11	99.225	0	99.225	99.225	99.225
15689	18417	5	0	0.024	0	0.024	0.024
11757	7567	0	0	0	0	0	0
16412	16649	10	0	100	0	100	100
21339	12099	7	0.006	0	0.006	0.006	0.006
15248	14126	6	100	0	100	100	100
20036	14373	13	100	0	100	100	100
19311	14626	13	100	0	100	100	100
14384	19176	4	0	100	0	100	100
10023	13123	8	0	100	0	100	100
15543	17660	5	0	100	0	100	100
15977	16902	10	0	100	0	100	100
19023	16141	12	100	0	100	100	100
17565	11094	2	0.049	0	0.049	99.987	0.049
21059	20177	1	0	100	0	100	100
15830	15640	10	100	0	100	100	100
9002	8328	14	0	100	0	100	100
10458	12870	0	0	100	0	100	100
16123	17659	5	0	0	0	0	0
17567	12104	11	100	0	100	100	100
15540	15641	10	100	0	100	100	100
14082	10089	16	0	0	0	0	0
12492	14887	0	0	0	0	0	0
21628	11593	7	0	0	0	0	0
11476	14131	0	0	0	0	0	0
11183	12112	0	0	80	0	80	80
8715	11358	4	0	100	0	100	100
14958	14127	6	100	0	100	100	100
21774	12351	7	100	0	100	100	100
14230	12361	3	0	0	0	0	0
15832	16650	10	0	100	0	100	100
19021	15131	12	100	0	100	100	100
16415	18669	5	0	0	0	0	0
10021	11104	0	0	99.902	0	99.902	99.902
21928	19167	1	0	100	0	100	100
12340	9081	3	100	100	100	100	100
15398	17913	5	0	99.902	0	99.902	99.902
20474	16644	9	0	0	0	0	0
10314	13123	8	0	100	0	100	100
19015	10587	2	33.332	0	33.332	33.333	33.332
22363	18913	1	0	100	0	100	100
18869	9830	2	99.805	0	99.805	99.805	99.805
11328	12364	0	0	100	0	100	100
14529	19429	4	0	100	0	100	100
18152	15637	12	100	0	100	100	100
23088	18660	1	0	96.97	0	96.97	96.97
21050	13109	13	100	0	100	100	100
14083	10594	16	0	0	0	0	0
15828	14126	12	100	0	100	100	100
22062	10836	7	99.611	0	99.611	99.611	99.611
11917	18422	14	0	100	0	100	100
14962	17156	5	0	96.97	0	96.97	96.97
22214	15632	9	99.611	0.012	99.611	99.611	99.611
22357	14369	9	50	50	50	50	50
15538	14126	6	100	0	100	100	100
16551	11853	2	100	0	100	100	100
10310	10094	0	0	5.882	0	5.882	5.882
9436	7570	4	0	100	0	100	100
17570	14628	12	100	0	100	100	100
18727	12102	11	99.997	0	99.997	99.997	99.997
22207	10583	7	100	0	100	100	100
12197	11353	3	50.321	50.26	50.321	99.999	99.999
22943	18408	1	0	100	0	100	100
12488	11858	3	98.461	1.538	98.461	99.999	99.999
8713	9843	4	0	100	0	100	100
19167	15888	12	100	0	100	100	99.805
10606	14637	8	0	100	0	100	100
10027	15648	4	0	100	0	100	100
11621	14384	0	0	0	0	0	0
9300	14892	14	0	100	0	100	100
17856	11598	2	100	0	100	100	100
19597	11596	11	100	0	100	100	100
13659	19430	14	0	100	0	100	100
21633	15128	9	13.528	2.702	13.525	13.53	13.509
17576	19172	5	0	50	0	50	50
22067	14370	9	99.089	88.422	99.089	99.433	99.433
14809	11350	2	0.001	0	0.001	0.001	0.001
13507	14634	10	100	0	100	100	100
16845	15386	6	100	0	100	100	100
16847	16901	10	0	100	0	100	100
17276	11599	2	100	0	100	100	100
23669	19164	1	0	100	0	100	100
22934	11844	7	100	0	100	100	94.118
15824	10591	2	19.28	2.408	19.28	21.686	21.687
9150	11105	4	0	100	0	100	100
22207	10078	7	0	0	0	0	0
20910	17401	1	0	0	0	0	0
13065	8828	3	100	100	100	100	100
16121	16145	10	0.389	99.611	0.389	100	100
19306	10587	2	100	0	100	100	100
16844	14377	12	100	0	100	100	100
22357	13865	9	0.003	0	0.003	0.003	0.003
20620	16896	1	0	0	0	0	0
22655	19923	1	0	100	0	100	100
12637	14635	0	0	94.118	0	94.118	94.118
12198	11858	3	80	80	80	100	80
19887	11596	11	100	0	100	100	100
13939	11856	3	0.002	33.333	0.002	33.335	33.335
11768	16151	8	0	100	0	100	100
10604	13123	0	0	0.003	0	0.003	0.003
19449	9324	2	96.97	3.029	96.97	99.999	99.999
12057	15140	0	0	99.611	0	99.611	99.611
11466	6558	0	0	100	0	100	100
9585	10852	8	0	100	0	100	100
11334	16908	4	0	100	0	100	100
12496	17917	4	0	100	0	100	100
17569	13618	11	100	0	100	100	100
17142	20435	4	0	100	0	100	100
11760	9587	3	100	100	100	100	100
14954	11602	2	0	0	0	0	0
17721	18920	5	0	0	0	0	0
10170	13881	8	0	100	0	100	100
18156	18667	5	0	100	0	100	100
18874	13364	11	100	0	100	100	100
13795	12614	3	100	0	100	100	100
21487	14371	9	22.232	20.141	21.936	23.121	23.121
20466	10585	13	100	0	100	100	99.999
21191	9827	7	100	0	100	100	100
17721	19424	5	0	100	0	100	100
13369	19430	14	0	100	0	100	100
20465	9575	2	100	0	100	100	100
14662	10088	16	0.006	0	0.006	0.006	0.006
13799	15643	6	100	0	100	100	100
13361	13372	6	88.889	0	88.889	88.889	88.889
13213	11100	16	0	0	0	0	0
17713	13366	11	100	0	100	100	100
20768	19673	1	0	50	0	50	50
17274	10589	2	100	0	100	100	100
18587	15889	12	100	0	100	100	100
19606	18665	5	0	99.998	0	99.998	99.998
16845	14882	12	100	0	100	100	100
22360	16389	1	0.362	92.658	0.362	93.014	93.014
17138	16901	10	100	0	100	100	99.976
8572	12620	14	0	100	0	100	100
10456	10851	0	0	0.775	0	0.775	0.775
10889	9083	0	0	99.988	0	99.988	99.988
19605	17655	1	0	100	0	100	100
19455	13868	13	100	0	100	100	100
19457	15383	12	100	0	100	100	100
8861	11610	4	0	100	0	100	100
19752	19422	1	0	100	0	100	100
20332	18916	5	0	100	0	100	100
15105	15894	10	0	100	0	100	100
15543	18165	5	0	0.195	0	0.195	0.195
13071	13372	6	100	0	100	100	100
23375	15630	9	0	99.999	0	99.999	99.999
23230	16388	9	0	100	0	100	100
12630	9586	3	99.225	0.775	99.225	100	100
12352	18674	14	0	100	0	100	100
19163	12859	11	100	0	100	100	100
14237	17410	0	0	0.012	0	0.012	0.012
23369	11086	7	0	0	0	0	0
13358	11352	3	0.003	94.115	0.003	94.118	94.118
17284	17658	10	0	100	0	100	100
15970	11348	2	99.93	0.004	99.93	99.936	99.886
9731	11609	8	0	100	0	100	100
16404	10591	2	99.999	0	99.999	99.999	99.999
19885	9576	2	88.879	0	88.879	88.879	88.879
11041	14384	0	0	0.195	0	0.195	0.195
22066	13360	15	99.726	0.001	99.985	99.989	99.724
18300	17909	10	0	100	0	100	100
21055	16643	1	4.65	0.021	4.65	4.65	4.653
15968	10339	2	0.399	98.802	0.399	99.196	99.201
19897	18664	5	0	100	0	100	100
20907	14876	9	99.889	0.104	99.889	99.986	99.986
11039	12870	0	0	3.03	0	3.03	3.03
13802	18167	8	0	100	0	100	100
22215	16137	1	0	0	0	0	0
18588	16899	10	0	100	0	100	100
12344	12616	3	0	0.389	0	0.389	0.389
11177	7568	0	49.603	0.006	49.603	49.609	49.609
10458	12366	0	0	100	0	100	100
14227	10341	16	0	0	0	0	0
17425	14881	12	100	0	100	100	100
10312	12113	0	0	0	0	0	0
18875	13869	12	100	0	100	100	100
10453	8831	0	0	11.111	0	11.111	11.111
15678	10339	2	100	0	100	100	100
20043	19926	1	0	0	0	0	0
22798	18660	1	0	99.999	0	99.999	99.999
10170	14385	8	0	100	0	100	100
20472	14624	12	100	0	100	100	100
11031	6811	0	0	100	0	100	100
18439	13617	11	100	0	100	100	100
15836	20184	4	0	100	0	100	100
8716	11863	4	0	100	0	100	100
13505	12614	3	0	0	0	0	0
16849	18416	5	0	0.049	0	0.049	0.049
8856	8076	14	0.024	99.975	0.024	100	99.999
18730	14122	12	100	0	100	100	100
8863	13630	14	0	100	0	100	100
14378	14632	10	0	0	0	0	0
20913	19420	1	0	100	0	100	100
19171	18918	1	0.049	99.951	0.049	100	100
20179	13110	13	100	0	100	100	100
15969	10844	2	100	0	100	100	100
14811	12865	2	100	0	100	100	100
19893	15635	9	100	0	100	100	100
20323	12353	7	100	0	100	100	100
16849	17911	5	0	0	0	0	0
15245	12107	2	99.997	0	99.997	99.997	99.997
10749	12870	0	0	0	0	0	0
15104	14884	10	0	0	0	0	0
19746	14878	12	100	0	100	100	100
15246	12612	2	100	0	100	100	100
14812	13874	6	100	0	100	100	100
13223	18673	4	0	100	0	100	100
19896	18159	1	0.002	99.998	0.002	100	100
17132	12357	11	100	0	100	100	100
20041	17907	1	0	100	0	100	100
22941	16893	1	0	100	0	100	100
22364	19418	1	0	0	0	0	0
9006	11358	4	0	100	0	100	100
19167	15383	12	100	0	100	100	100
23228	14368	9	0.002	0.026	0.002	0.026	0.026
14383	18167	0	0	99.805	0	99.805	99.805
9002	8833	4	0	100	0	100	100
23663	14115	9	0.198	46.932	0.198	47.118	47.131
14235	15895	10	100	0	100	100	100
10891	10598	0	0	0.006	0	0.006	0.006
13800	16653	5	0	0	0	0	0
21053	15633	9	20.645	15.76	20.644	20.66	20.66
19753	19927	1	0	99.998	0	99.998	99.998
13797	14128	6	0	0	0	0	0
19602	15635	9	100	0	100	100	100
15104	15389	10	100	0	100	100	100
22792	13612	9	0.006	0.005	0.006	0.006	0.006
16985	11095	2	97.051	0	97.051	99.905	91.343
12495	16907	8	0	100	0	100	100
20328	15887	9	0	0	0	0	0
21198	15381	9	0	0	0	0	0
15096	9330	7	100	0	100	100	100
15392	13369	12	100	0	100	100	100
12497	18422	4	0	100	0	100	100
14231	13370	6	100	0	100	100	100
15688	17912	5	0	99.951	0	99.951	99.951
19740	9829	2	0.024	0	0.024	0.024	0.024
15251	16651	10	99.225	0.775	99.225	100	100
12921	9585	3	98.463	0.512	98.463	98.975	98.973
20618	15886	9	3.031	0	3.031	3.031	3.031
19890	13615	13	100	0	100	100	100
23372	13611	15	0	0	11.111	11.111	0
22212	14117	9	0.007	0.414	0	0.415	0.415
12351	17664	4	0	100	0	100	100
16411	16144	10	88.966	11.034	88.966	100	11.724
14229	11351	3	5.125	2.56	5.125	7.685	7.685
16851	19426	8	0	100	0	100	100
22791	13107	15	0	0	5.882	5.882	0
18591	18918	5	0	100	0	100	100
18299	17404	10	0	100	0	100	100
10308	9084	0	0	0	0	0	0
21489	16390	1	0.001	0	0.001	0.001	0.001
12926	14129	6	0	0	0	0	0
13210	9080	3	100	0	100	100	100
9003	9338	4	0	100	0	100	100
16993	17153	10	0	100	0	100	100
18147	12103	11	100	0	100	100	100
19160	10335	2	0	0	0	0	0
17421	11851	2	100	0	100	100	100
22209	12098	7	100	0	100	100	100
9585	10347	8	0	100	0	100	100
20914	19925	1	0	11.111	0	11.111	11.111
16694	10590	2	98.461	0	98.461	98.462	98.462
18000	10841	2	2.435	0	2.435	21.918	2.435
19310	14121	13	100	0	100	100	100
14675	19681	4	0	100	0	100	100
23223	10834	7	0	0	0	0	0
17999	9831	2	100	0	100	100	100
12633	11605	3	0.003	99.997	0.003	100	100
11902	7315	0	0	20	0	20	20
17281	15638	12	100	0	100	100	100
19462	18917	1	0	0	0	0	0
15389	10844	2	20.014	0	20.014	20.014	0.02
13646	9332	3	100	0	100	100	100
13364	15896	5	0	99.998	0	99.998	99.998
10172	15900	4	0	100	0	100	100
14383	18672	8	0	100	0	100	100
11765	13626	0	0	0	0	0	0
12205	17412	4	0	100	0	100	100
16556	15892	10	0	99.999	0	100	99.999
23665	15630	9	0	99.951	0	99.951	99.951
20035	13363	13	100	0	100	100	100
10608	16657	4	0	100	0	100	100
13940	12361	6	100	0	100	100	100
12482	7314	0	0	100	0	100	100
20334	20431	14	0	100	0	100	100
11762	11606	3	99.976	0.122	99.976	100	100
9294	9843	8	0	100	0	100	100
12049	8577	6	100	0	100	100	100
13947	17915	0	0	100	0	100	100
13513	19178	4	0	100	0	100	100
18727	11597	11	100	0	100	100	0.012
8859	10601	4	0	100	0	100	100
13211	10090	3	33.413	66.566	33.413	99.98	99.98
12639	16149	0	0	3.03	0	3.03	3.03
18877	15889	12	100	0	100	100	100
16841	11852	2	99.225	0	99.225	99.225	99.225
14960	15641	10	0	100	0	100	100
17855	11094	2	100	0	100	100	100
14517	10341	16	0	0	0	0	0
21640	20177	1	0	99.902	0	99.902	99.902
11039	13375	0	0	33.333	0	33.333	33.333
18581	11345	11	100	0	100	100	100
14092	18167	0	0	100	0	100	100
21052	14624	9	98.547	65.675	98.547	99.636	99.636
12631	10091	3	0.098	99.902	0.098	100	100
15834	18165	5	0	0.195	0	0.195	0.195
20178	12100	7	100	0	100	100	100
9736	15143	4	0	100	0	100	100
17577	19677	5	0	100	0	100	100
8573	13125	15	0	0	100	100	0
21201	17400	1	0	0	0	0	0
15106	16903	5	0.198	0.006	0.198	0.201	0.201
12781	13877	6	100	0	100	100	100
19169	16898	10	0	100	0	100	100
12351	18169	4	0	100	0	100	100
12922	10595	3	99.225	0	99.225	99.225	99.225
12494	15897	0	0	100	0	100	100
22942	17903	1	0	100	0	100	100
14381	16652	5	0	100	0	100	100
23083	14621	9	0	0	0	0	0
17859	13618	11	100	0	100	100	100
19899	20179	1	0	100	0	100	100
23231	16893	1	0	100	0	100	100
13940	12866	6	100	0	100	100	100
10315	14133	8	0	100	0	100	100
22503	15127	9	39.989	19.991	39.989	59.979	59.98
13644	8322	3	100	1.538	100	100	100
18437	12103	11	100	0	100	100	100
12053	11606	3	11.111	11.111	11.111	100	11.111
14092	17662	0	0	100	0	100	100
11909	12364	6	100	0	100	100	100
18580	10840	2	100	0	100	100	100
22351	9825	15	98.686	0.021	98.684	98.685	98.66
21200	16895	1	0	0	0	0	0
10450	6307	14	0	100	0	100	100
17284	18163	5	0	0	0	0	0
11332	14889	0	0	100	0	100	100
14518	10846	3	99.951	0	99.951	99.951	99.951
22216	17147	1	0.049	0.073	0.049	0.073	0.073
18444	17656	10	0	100	0	100	100
16984	10590	2	0.024	0	0.024	0.024	0.024
15250	15641	10	99.226	0.774	99.226	100	100
15101	12864	2	100	0	100	100	100
13211	9585	3	100	0	100	100	96.97
9590	14386	4	0	100	0	100	100
19740	10334	2	100	0	100	100	100
16410	15135	6	100	0	100	100	100
13075	16401	0	0	96.97	0	96.97	96.97
15683	13873	12	100	0	100	100	80
11906	10344	3	99.997	1.538	99.997	100	100
17710	10841	2	99.999	0	99.999	100	99.999
8426	11863	14	0	100	0	100	100
12484	8324	6	100	0	100	100	100
12055	13626	0	100	0	100	100	100
13804	19177	4	0	100	0	100	100
21483	11846	7	0	0	0	0	0
16994	18163	5	0	0.012	0	0.012	0.012
12778	11353	3	0.003	99.997	0.003	100	100
10457	11861	0	0	33.333	0	33.333	33.333
19745	13868	13	100	0	100	100	100
23368	10581	7	0	0	0	0	0
9880	14386	4	0	100	0	100	100
22068	15380	9	8.527	31.263	0.95	31.265	31.265
18302	19424	5	99.756	99.805	99.756	99.805	99.805
12928	15644	0	0	20	0	20	20
11476	14636	0	0	100	0	100	100
17141	19425	5	0	100	0	100	100
20613	11847	7	100	0	100	100	100
21342	14623	9	99.54	99.723	99.54	99.929	99.929
19165	14374	13	100	0	100	100	100
20768	19168	1	0	100	0	100	100
19897	19169	1	0	100	0	100	100
16838	9833	2	100	0	100	100	100
18883	19928	1	0	100	0	100	100
21347	18662	1	0	100	0	100	100
13362	14381	6	0	0	0	0	0
11037	11860	0	0	100	0	100	100
9294	10347	8	0	100	0	100	100
11619	12869	0	0	100	0	100	100
15973	13873	12	100	0	100	100	100
16403	10086	2	100	0	100	100	100
22793	14621	9	0.21	0.144	0.208	1.08	1.092
22933	10834	7	0	0	0	0	0
20766	18158	1	0	100	0	100	100
13657	17915	8	0	100	0	100	100
17279	14124	11	100	0	100	100	100
20909	16391	9	0	0	0	0	0
9735	14639	4	0	100	0	100	100
21773	11341	7	0	0	0	0	0
22651	17398	1	0	99.591	0	99.591	99.591
9152	12620	4	0	100	0	100	100
22940	16388	9	19.753	79.003	19.753	98.753	98.753
18150	14627	12	100	0	100	100	100
15108	18418	0	0	99.994	0	99.994	99.994
11480	17666	4	0	100	0	100	100
11469	9082	6	100	0	100	100	100
12192	7314	0	0	100	0	100	100
13646	9837	3	96.907	3.028	96.907	99.938	99.935
23665	16135	9	0	100	0	100	100
17999	10336	2	100	0	100	100	100
11190	17666	14	0	100	0	100	100
18146	11598	2	98.456	0	98.456	98.456	98.456
23659	11086	7	100	0	100	100	100
11760	10092	3	100	100	100	100	100
23514	11339	7	99.27	0.73	99.27	100	94.16
13936	9332	3	34.849	3.826	34.849	99.759	38.667
23079	11592	7	100	0	100	100	100
13658	18420	8	0	100	0	100	100
16986	11600	2	100	0	100	100	100
18443	16647	10	100	0	100	100	100
19744	12858	11	100	0	100	100	100
18154	17152	10	100	0	100	100	0
13361	13876	6	0	0	0	0	0
13942	14381	6	0	0	0	0	0
23225	12349	7	100	0	100	100	1.538
15825	11601	2	100	0	100	100	100
19021	14626	12	100	0	100	100	100
9873	8832	0	0	0	0	0	0
17286	19678	8	0	100	0	100	100
12057	14635	0	0	0	0	0	0
12779	12362	3	0	100	0	100	100
15103	14379	6	100	0	100	100	100
15680	11854	2	50	0	50	50	50
15388	10339	3	99.951	0	99.951	99.951	99.951
10748	12365	0	0	96.97	0	96.97	96.97
22653	18408	1	0	100	0	100	100
10015	7065	0	0	99.902	0	99.902	99.902
21635	16642	1	0	0	0	0	0
13504	12109	3	0	0	0	0	0
12640	17159	8	0	100	0	100	100
16114	10591	2	94.117	0.001	94.117	94.118	94.118
22365	19923	1	0	99.611	0	99.611	99.611
16560	18921	5	0	99.877	0	99.877	99.877
15835	19175	8	0	100	0	100	100
16561	19931	8	0	100	0	100	100
11472	11102	3	100	0	100	100	100
10891	11103	0	0	100	0	100	100
14959	15137	10	100	0	100	100	100
16268	17407	10	0.003	99.997	0.003	100	100
15534	11097	2	0	0	0	0	0
23667	17650	1	0	100	0	100	100
17128	9327	2	99.991	0	99.991	99.991	99.991
11183	12617	0	0	0	0	0	0
20610	9828	13	100	0	100	100	100
18590	17909	10	0	100	0	100	100
9440	10600	8	0	100	0	100	100
21627	10584	7	100	0	100	100	100
10455	10346	0	0	0.049	0	0.049	0.049
20477	18664	5	0.122	1.958	0.122	2.081	2.081
11332	15394	8	0	100	0	100	100
23082	13611	9	0	0	99.224	99.224	0
21771	9826	7	0.007	0	0.007	0.007	0.007
14529	18924	8	0	100	0	100	100
10887	7568	0	66.067	1.028	66.067	67.095	67.095
22944	19418	1	0	0.002	0	0.002	0.002
20177	11595	2	100	0	100	100	100
14085	12108	3	0	0	0	0	0
11328	11860	0	100	0	100	100	100
21630	12603	13	100	0	100	100	100
21637	18157	1	0	100	0	100	100
10603	12618	0	0	0.389	0	0.389	0.389
18879	16898	10	0	100	0	100	100
23525	19417	1	0	100	0	100	100
13794	12109	3	0	0	0	0	0
11335	17413	4	0	100	0	100	100
18294	13870	11	100	0	100	100	100
20906	14371	13	100	0	100	100	100
8280	11106	15	0	0	100	100	0
21340	13109	13	100	0	100	100	100
20617	14877	9	99.998	0.05	99.998	100	99.998
20182	15130	12	100	0	100	100	100
10890	10093	0	0	0	0	0	0
18152	16142	12	100	0	100	100	100
18156	19171	5	0	100	0	100	100
18297	15889	12	100	0	100	100	100
12048	8072	0	100	0	100	100	100
21195	13361	13	100	0	100	100	100
22790	12097	7	100	0	100	100	100
10753	15899	4	0	100	0	100	100
8857	9086	4	0	100	0	100	100
11179	9083	0	99.902	0.098	99.902	99.999	99.999
11043	16404	4	0	100	0	100	100
16699	14629	12	100	0	100	100	100
11764	12616	6	100	0	100	100	100
14083	11099	16	0	0	0	0	0
22788	10582	7	0	0	0	0	0
11038	12365	0	0	20	0	20	20
13793	11099	3	0	0.048	0	0.048	0.048
21918	11593	7	0	0	0	0	0
11334	16404	8	0	100	0	100	100
18440	14122	11	100	0	100	100	100
21780	16895	1	0.049	0.049	0.049	0.049	0.049
9591	15396	14	0	0	0	0	0
19016	11092	11	100	0	100	100	0
20623	19421	1	0	100	0	100	100
12496	17412	8	0	100	0	100	100
17129	10337	2	0	0	0	0	0
14087	13623	6	100	0	100	100	100
20758	12100	13	100	0	100	100	100
10015	6560	14	0	100	0	100	100
13065	9333	3	0.203	99.797	0.203	100	100
21634	16138	9	0.001	0.002	0.001	0.002	0.002
20760	13109	13	100	0	100	100	100
21049	12099	7	0	0	0	0	0
12053	12111	3	13.425	88.587	13.425	99.329	99.328
14375	12613	3	99.998	0	99.998	99.998	99.998
15980	18922	5	0	100	0	100	100
16406	12105	2	100	0	100	100	100
19742	11344	2	100	0	100	100	100
19020	14121	13	100	0	100	100	100
14664	11098	3	0	0	0	0	0
15391	12864	11	100	0	100	100	100
12051	10596	3	0.195	99.804	0.195	100	99.999
17863	17152	10	0	100	0	100	100
18875	14374	13	100	0	100	100	88.889
11468	8578	6	100	0	100	100	100
10016	7570	0	0	0.195	0	0.195	0.195
16548	9833	2	81.727	0.035	81.727	81.768	81.766
10747	11860	0	0	0.775	0	0.775	0.775
12205	16907	8	0	100	0	100	100
22501	13612	9	2.05	0.216	1.89	2.1	2.123
12628	7566	0	0	100	0	100	100
22506	17146	1	0	0	0	0	0
11771	18170	14	0	100	0	100	100
18878	16394	10	20.775	79.221	20.775	99.374	99.996
12340	9586	3	99.225	0.775	99.225	100	100
20034	12858	13	100	0	100	100	100
14671	17156	5	0	96.969	0	96.969	96.969
11182	11607	0	99.997	0.003	99.997	100	100
19018	12607	11	100	0	100	100	100
20184	16644	9	0	0	0	0	0
16842	12862	11	100	0	100	100	100
12059	16150	0	0	100	0	100	100
15243	10592	3	0	0	0	0	0
20321	10838	2	100	0	100	100	100
22789	11592	7	100	0	100	100	100
19895	17655	1	0	100	0	100	100
11613	8325	6	100	0	100	100	100
14664	11603	2	99.604	0.006	99.604	99.61	99.61
10609	17162	14	0	100	0	100	100
10307	8074	0	0	0	0	0	0
18735	18161	5	0	99.975	0	99.976	99.976
21047	10584	7	0	0	0	0	0
21482	10836	7	100	0	100	100	100
9871	7317	0	0	99.805	0	99.805	99.805
19596	11091	2	100	0	100	100	100
17426	15891	12	100	0	100	100	100
13654	15391	6	100	0	100	100	100
11041	14889	8	0	100	0	100	100
13653	14886	10	100	0	100	100	100
22643	11340	7	100	0	100	100	100
14519	11350	3	0	0	0	0	0
15824	11096	2	0.098	0	0.098	0.098	0.098
14377	13623	6	100	0	100	100	100
20621	17906	1	0	100	0	100	100
9734	13629	8	0	100	0	100	100
22218	18661	1	0	100	0	100	100
10745	9841	0	0	0	0	0	0
19017	11597	11	100	0	100	100	100
17420	10842	2	99.998	0	99.998	99.998	66.669
21484	12351	13	100	0	100	100	100
23233	18407	1	0	99.994	0	99.994	99.994
18148	12608	11	100	0	100	100	100
21639	19672	1	0	0	0	0	0
16409	14125	12	100	0	100	100	100
10462	15900	4	0	100	0	100	100
22215	16642	1	0.036	0.212	0.036	0.225	0.214
19310	13616	12	100	0	100	100	100
19019	13112	11	100	0	100	100	100
20619	16391	9	0	0	0	0	0
18298	16394	12	100	0	100	100	100
12049	9082	3	100	99.988	100	100	100
23234	19417	1	0	100	0	100	100
17285	18668	5	0	66.667	0	66.667	66.667
17133	13367	11	100	0	100	100	100
21055	17148	1	0	0	0	0	0
9580	6813	14	0	100	0	100	100
19898	19674	1	0	99.997	0	99.997	99.997
22072	17904	1	0.73	0.011	0.73	0.741	0.011
11187	15646	8	0	100	0	100	100
22359	15884	1	0.001	0.001	0.001	0.001	0.001
14953	10592	3	0	0	0	0	0
17135	14881	12	100	0	100	100	100
15835	19679	8	0	100	0	100	100
22063	11340	7	0	0	0	0	0
16553	13367	11	100	0	100	100	100
12930	16654	0	0	0	0	0	0
19895	17150	1	0.001	99.999	0.001	100	100
17132	12862	11	33.333	0	33.333	33.333	33.333
18871	10840	2	100	0	100	100	100
11763	12111	6	100	0	100	100	100
18438	12607	11	100	0	100	100	100
17867	19677	8	0	100	0	100	100
16992	16649	10	97.306	2.694	97.306	100	13.805
17278	13619	11	100	0	100	100	100
10162	7822	0	0	0	0	0	0
12923	11100	3	0	100	0	100	100
22796	17146	1	0	96.97	0	96.97	96.97
15243	10087	3	0	0	0	0	0
15393	13874	6	100	0	100	100	100
11909	12869	6	100	0	100	100	100
19750	17907	1	0	100	0	100	100
9878	12871	8	0	100	0	100	100
17283	17153	10	0	100	0	100	100
22219	19671	1	0	80	0	80	80
22072	18409	1	0	100	0	100	100
22500	12602	7	100	0	100	100	100
22503	14622	9	0.002	0.021	0.002	0.022	0.023
8571	12116	14	0	100	0	100	100
17855	10589	2	100	0	100	100	100
23667	17145	1	0	100	0	100	100
9152	12115	4	0	100	0	100	100
13067	10847	16	0	0	0	0	0
13791	9584	3	1.683	98.318	1.683	99.998	99.998
11910	13373	0	49.327	1.535	49.327	50.863	50.863
15247	13621	13	100	0	100	100	100
10024	13628	8	0	100	0	100	100
19604	16645	9	0.104	0	0.098	0.098	0.104
21638	18662	1	0	100	0	100	100
11184	13122	0	0	0	0	0	0
10305	6559	4	0	100	0	100	100
18729	13617	11	100	0	100	100	100
10753	16404	4	0	100	0	100	100
15684	14883	6	100	0	100	100	100
19607	19170	1	0	100	0	100	100
10602	11608	0	0	99.225	0	99.225	99.225
20764	16644	1	0	0	0	0	0
13941	13371	6	100	0	100	100	100
14521	13370	6	100	0	100	100	100
12634	12110	3	0.774	99.129	0.774	99.903	99.903
16117	13115	11	100	0	100	100	100
22651	16894	1	0.002	0.196	0.002	0.196	0.197
11470	9587	3	100	0	100	100	100
18290	10841	2	100	0	100	100	100
12777	10848	3	0	100	0	100	100
17422	12356	11	100	0	100	100	100
22217	18156	1	0	100	0	100	100
13652	14381	6	0	0	0	0	0
22645	12854	15	0	0	33.333	33.333	0
11759	9082	3	100	0	100	100	100
10600	10598	0	0	99.902	0	99.902	99.902
13073	15391	5	0	94.118	0	94.118	94.118
12485	9334	3	99.988	0.012	99.988	100	100
17428	17405	10	0	100	0	100	100
18151	15132	13	100	0	100	100	100
15247	13117	2	100	0	100	100	100
12636	13625	6	100	0	100	100	100
10893	12113	0	0	0	0	0	0
9300	14387	4	0	100	0	100	100
12054	12616	6	100	0	100	100	100
20762	15129	9	0.005	0.002	0.005	0.006	0.006
13356	9837	3	5.926	94.073	5.926	99.998	99.998
21486	13866	15	100	0	100	100	100
15255	19680	4	0	100	0	100	100
15107	17408	5	0	0.002	0	0.002	0.002
12483	7819	0	0	0	0	0	0
20756	10585	7	100	0	100	100	100
16995	18668	5	0	0	0	0	0
13068	11352	3	0	100	0	100	100
22358	14874	9	0.015	0.388	0.015	0.4	0.4
20471	14119	13	100	0	100	100	100
12919	8071	6	100	0	100	100	100
15681	12864	11	100	0	100	100	100
21775	12856	13	100	0	100	100	100
12925	13120	3	3.031	96.969	3.031	100	100
14226	9331	16	0	0	0	0	0
22652	17903	1	0	100	0	100	100
19312	15636	12	100	0	100	100	100
17423	13366	11	100	0	100	100	100
12772	7314	0	0	0	0	0	0
10162	8327	0	0	66.667	0	66.667	66.667
16843	13872	11	100	0	100	100	100
10599	9588	0	0	99.998	0	99.998	99.998
16696	12105	2	100	0	100	100	100
20331	18411	5	99.599	0.195	99.599	99.793	99.793
11915	17413	4	0	100	0	100	100
11907	10849	3	100	100	100	100	100
20478	19673	1	0	0	0	0	0
22932	10330	7	99.95	0.001	99.95	99.951	99.951
18303	20434	14	0	100	0	100	100
10019	10094	0	0	0	0	0	0
23081	13106	15	0	0	100	100	0
17853	9579	2	50.001	0	50.001	50.001	50.001
10460	14385	8	0	100	0	100	100
23090	19670	1	0	100	0	100	100
20468	11595	7	100	0	100	100	100
22068	14875	9	0.953	31.421	0.953	31.422	31.422
15830	15135	6	100	0	100	100	0
20030	9828	2	9.977	39.879	9.977	49.854	49.854
18438	13112	11	100	0	100	100	100
21492	18410	1	0	100	0	100	100
23087	17650	1	0	100	0	100	100
22508	18661	1	0	100	0	100	100
14379	15642	10	0	100	0	100	100
15109	18923	8	0	100	0	100	100
17130	11347	2	100	0	100	100	100
10461	14890	8	0	100	0	100	100
22497	10583	7	100	0	100	100	100
20180	13615	13	100	0	100	100	100
11614	8830	6	100	0	100	100	100
14520	12360	2	100	0	100	100	100
17276	12104	2	100	0	100	100	100
13509	16148	5	0	99.902	0	99.902	99.902
15677	9834	7	100	0	100	100	100
20767	18663	5	0	50	0	50	50
15098	10340	3	0	0	0	0	0
13217	14634	6	100	0	100	100	100
9297	12367	4	0	100	0	100	100
20037	14877	12	100	0	100	100	100
16988	13114	11	100	0	100	100	100
9727	8580	0	0	96.97	0	96.97	96.97
15245	11602	2	100	0	100	100	99.225
18149	13618	11	100	0	100	100	100
16703	17154	10	0	100	0	100	100
13655	16400	5	0	100	0	100	100
18593	20433	14	0	100	0	100	100
10173	16405	14	0	100	0	100	100
14807	9835	3	0	0	0	0	0
18582	11850	11	100	0	100	100	100
21059	19673	1	0	50	0	50	50
10744	9336	0	0	33.333	0	33.333	33.333
16405	11600	2	100	0	100	100	100
22649	15884	1	0.006	1.434	0.006	1.434	1.434
14094	19177	4	0	100	0	100	100
9737	15648	14	0	100	0	100	100
9879	13881	8	0	100	0	100	100
15545	19175	8	0	100	0	100	100
14087	14128	6	0	0	0	0	0
14233	14885	10	0	96.97	0	96.97	96.97
14955	12107	2	99.805	0	99.805	99.805	99.805
20612	10837	7	100	0	100	100	100
15827	13116	11	100	0	100	100	96.97
12782	14382	6	100	0	100	100	100
17140	18920	5	0	0.012	0	0.012	0.012
20333	19421	1	0	100	0	100	100
11466	7063	0	0	100	0	100	100
16115	11601	2	99.999	0	99.999	100	99.999
21927	18157	1	50	50	50	100	100
10459	13375	8	0	100	0	100	100
16413	17154	10	0	100	0	100	100
14227	9836	16	0	0	0	0	0
19023	16646	10	0.014	99.412	0.014	99.421	99.425
22937	13864	9	0.001	99.031	0	99.031	99.031
21197	14371	15	90.769	0.907	90.772	90.942	91.526
16258	9833	7	100	0	100	100	100
11327	11355	6	100	0	100	100	100
21343	15128	9	0.11	0	0.11	0.11	0.11
16847	16396	10	0	100	0	100	100
11615	9840	3	100	88.889	100	100	100
16559	18416	5	0	0.098	0	0.098	0.098
22064	11845	7	0.775	0	0.775	0.775	0.775
21481	10331	7	99.689	0.026	99.688	99.873	98.452
18006	15385	12	100	0	100	100	100
20325	13867	13	100	0	100	100	100
20183	16139	9	0	0	0	0	0
20764	16139	9	0	0	0	0	0
18436	11598	11	100	0	100	100	100
23227	13863	9	0.018	0	96.874	96.868	0.018
21776	13360	13	100	0	100	100	100
12486	9838	3	13.42	0.671	13.42	14.112	14.091
8863	13125	4	0	100	0	100	100
16405	11095	2	100	0	100	100	100
17865	18162	5	0	99.804	0	99.804	99.804
13354	8323	6	100	0	100	100	100
19304	9577	2	100	0	100	100	100
13502	10090	16	0	0	0	0	0
19171	18413	5	0	99.951	0	99.951	99.951
11034	9335	0	0.001	0.001	0.001	0.002	0.002
14237	17914	0	0	0.389	0	0.389	0.389
15542	17155	5	0.775	0	0.775	0.775	0.775
10166	10851	0	0	19.998	0	19.998	19.998
17566	11599	2	100	0	100	100	100
11616	10344	3	100	100	100	100	100
18736	18666	5	0	100	0	100	100
11470	10092	3	99.951	0.244	99.951	100	100
19743	12353	11	100	0	100	100	100
13365	16401	5	0	0.003	0	0.003	0.003
17275	11094	2	100	0	100	100	100
12780	12867	3	0	0	0	0	0
22061	9826	7	0	0	0	0	0
16994	17658	10	0	100	0	100	100
9439	10095	8	0	100	0	100	100
10899	17161	14	0	100	0	100	100
23370	12096	7	96.601	0	96.601	96.601	96.601
10742	7821	0	0	0	0	0	0
10895	14132	0	0	100	0	100	100
11176	7063	0	0	99.951	0	99.951	99.951
18592	19423	5	0	99.878	0	99.878	99.878
16693	10085	2	99.998	0	99.998	99.998	99.998
20470	13615	13	100	0	100	100	100
9875	10852	0	0	100	0	100	100
16555	14882	12	100	0	100	100	100
23658	10581	7	0	0	0	0	0
19464	20432	14	0	100	0	100	100
22219	19166	1	0	100	0	100	100
17278	13114	11	100	0	100	100	100
16114	11096	2	100	0	100	100	50
21337	10584	7	100	0	100	100	100
22064	12350	7	100	0	100	100	99.805
10022	12114	0	0	100	0	100	100
14952	9583	3	0	0	0	0	0
12632	10596	3	0	100	0	100	100
16126	19679	8	0	100	0	100	100
21196	13866	13	100	0	100	100	100
21924	15632	9	25.26	42.244	25.24	42.632	47.602
13355	9332	3	100	0	100	100	100
17578	20687	14	0	100	0	100	100
17432	20435	4	0	100	0	100	100
10169	13376	8	0	100	0	100	100
20470	13110	13	100	0	100	100	100
12930	17159	0	0	99.998	0	99.998	99.998
12924	12110	3	0.001	99.998	0.001	99.998	99.998
21191	10332	7	100	0	100	100	100
20905	13362	13	100	0	100	100	100
22505	16136	1	0.075	0.111	0.075	0.112	0.112
12641	17664	8	0	100	0	100	100
11036	10850	0	99.976	0.024	99.976	100	100
12203	15393	0	0	0	0	0	0
22498	11087	7	100	0	100	100	100
22070	16389	1	0	0	0	0	0
19169	17403	1	0	100	0	100	100
18003	13365	11	100	0	100	100	100
12489	12363	3	0	0	0	99.997	0
12061	17665	4	0	100	0	100	100
22363	18409	1	0	100	0	100	100
14516	9331	16	97.626	0.38	97.626	97.625	97.626
9151	11610	4	0	100	0	100	100
12347	15140	0	0	0	0	0	0
15679	11349	2	100	0	100	100	100
13652	13876	6	0	0	0	0	0
16839	10842	2	100	0	100	100	96.97
10452	7822	0	0	0.046	0	0.046	0.046
22353	11340	7	0	0	0	0	0
18005	14375	12	100	0	100	100	100
19314	17150	10	0.389	99.611	0.389	100	100
22649	15379	9	0.389	0	0.389	0.389	0.389
20187	18664	5	0	100	0	100	100
10318	16152	4	0	100	0	100	100
15390	11854	2	100	0	100	100	100
19889	13110	13	100	0	100	100	100
9445	14639	4	0	100	0	100	100
10172	15395	4	0	100	0	100	100
20761	14119	13	100	0	100	100	100
12342	10596	3	83.333	16.667	83.333	100	100
21782	17904	1	0	0	0	0	0
11045	17414	14	0	100	0	100	100
15539	15136	6	100	0	100	100	100
12337	7062	0	0	33.333	0	33.333	33.333
19305	10082	2	100	0	100	100	100
19318	20180	1	0	100	0	100	100
11035	9840	6	100	0	100	100	100
9871	7822	0	0	100	0	100	100
18444	17152	10	0	100	0	100	100
14525	16399	5	0.003	0.098	0.003	0.101	0.101
10743	8831	0	0	99.805	0	99.805	99.805
23228	14873	9	0	2.041	0	2.042	2.042
17280	14629	12	100	0	100	100	100
12060	17160	8	0	100	0	100	100
18731	15132	12	100	0	100	100	100
20902	10837	7	100	0	100	100	100
20475	17149	1	0.007	0.097	0.007	0.103	0.104
12342	11101	3	0	100	0	100	100
9154	13629	4	0	100	0	100	100
22213	15127	9	97.044	97.331	97.044	97.428	97.426
13938	11351	16	0	0.001	0	0.001	0.001
13213	11605	3	0	100	0	100	100
12630	9081	3	100	100	100	100	100
14673	18671	8	0	100	0	100	100
19309	13111	11	100	0	100	100	100
14662	9583	3	11.147	0.676	11.147	12.164	11.823
10165	10346	0	0	0	0	0	0
13366	17411	0	0	99.611	0	99.611	99.611
9438	9085	8	0	100	0	100	100
12926	13625	6	100	0	100	100	100
13066	9838	3	94.745	5.255	94.745	100	100
14808	10340	3	27.086	0	27.086	27.087	27.086
10893	12617	0	0	99.998	0	99.998	99.998
10313	12618	0	0	5.882	0	5.882	5.882
12632	11100	3	0.051	99.949	0.051	100	100
13648	11352	3	0	0	0	0	0
10161	7317	0	0	0	0	0	0
20324	12857	13	100	0	100	100	100
17282	16143	10	0.006	99.994	0.006	100	100
23516	12853	15	0	0	99.976	99.976	0
10027	16153	14	0	100	0	100	100
9876	11357	0	0	100	0	100	100
12047	7062	0	0	50	0	50	50
16992	16144	10	100	0	100	100	100
11901	6810	0	0	100	0	100	100
11612	7315	0	0	5.882	0	5.883	5.883
20038	15887	9	0	0	0	0	0
8862	12620	4	0	100	0	100	100
17857	12103	11	100	0	100	100	100
19165	13869	12	100	0	100	100	100
16707	20183	4	0	100	0	100	100
16988	13619	11	100	0	100	100	100
16270	18922	5	0	100	0	100	100
18294	13365	11	100	0	100	100	100
20323	11848	13	100	0	100	100	100
9004	10348	4	0	100	0	100	100
12932	18169	4	0	100	0	100	100
13217	14129	6	0	0	0	0	0
12920	9080	3	100	0	100	100	100
15689	18922	0	0	96.97	0	96.97	96.97
18145	10588	2	94.031	0	94.031	94.123	94.031
17568	13114	11	100	0	100	100	100
21046	10080	7	100	0	100	100	100
15100	11855	2	1.538	0	1.538	1.538	1.538
13507	14129	6	0	0	0	0	0
12629	8576	3	100	0	100	100	100
22074	19419	1	0	0.006	0	0.006	0.006
13645	8827	3	100	0.001	100	100	99.997
17867	20182	4	0	100	0	100	100
17571	15638	12	100	0	100	100	100
19163	12354	11	100	0	100	100	100
13074	15896	0	0	99.997	0	99.997	99.997
19744	13363	13	100	0	100	100	100
10025	14133	8	0	100	0	100	100
17711	11346	2	100	0	100	100	100
14956	12612	2	100	0	100	100	100
12923	11605	3	0.006	99.994	0.006	100	100
19159	9325	2	0	0	0	0	0
10166	11356	0	0	0.097	0	0.097	0.097
20183	15635	9	100	0	100	100	96.97
12780	13372	6	100	0	100	100	100
17288	20687	14	0	100	0	100	100
17140	18415	5	0	98.461	0	98.461	98.461
13512	18168	8	0	100	0	100	100
11624	16403	8	0	100	0	100	100
10898	16152	4	0	100	0	100	100
13935	8827	3	96.969	3.031	96.969	100	99.998
10464	16910	15	0	0	100	100	0
20032	11343	2	100	0	100	100	100
19453	12354	11	100	0	100	100	100
20765	17148	1	0	0	0	0	0
14239	19429	4	0	100	0	100	100
19027	19170	5	0	100	0	100	100
19747	15383	12	100	0	100	100	100
19604	17150	1	0	100	0	100	100
12785	16907	0	0	66.667	0	66.667	66.667
13077	17916	8	0	100	0	100	100
18007	15890	12	100	0	100	100	100
12348	15645	0	0	0	0	0	0
13938	10846	16	0	0	0	0	0
17142	19930	8	0	100	0	100	100
21487	14875	9	16.782	1.869	16.782	16.782	16.782
14088	15138	10	0.781	99.219	0.781	100	99.994
13073	14887	6	100	0	100	100	100
9589	13881	4	0	100	0	100	100
23373	14621	9	0	0.775	0	0.775	0.775
13359	12362	3	0	33.333	0	33.333	33.333
13651	13371	6	100	0	100	100	100
13650	12361	3	0	0	0	0	0
20467	11090	13	100	0	100	100	0
18588	16394	10	99.998	0.002	99.998	100	100
17134	13871	11	11.111	0	11.111	11.111	11.111
11757	7062	0	0	100	0	100	100
19162	11849	11	100	0	100	100	100
15972	12863	2	100	0	100	100	100
13500	9080	3	98.414	1.537	98.414	99.952	99.951
9873	9337	0	0	0.006	0	0.006	0.006
14521	12865	2	100	0	100	100	100
22210	12603	7	100	0	100	100	100
13656	16905	5	0	3.03	0	3.03	3.03
16558	17406	10	0	100	0	100	100
11913	15393	0	0	94.074	0	94.074	94.074
13944	15390	10	100	0	100	100	100
14667	13622	6	100	0	100	100	100
9436	8075	4	0	100	0	100	100
11611	6810	0	0	0	0	0	0
12638	15140	5	0	0	0	0	0
13357	10847	16	0	0	0	0	0
9728	9085	0	0	100	0	100	100
8571	11611	4	0	100	0	100	100
20904	12857	13	100	0	100	100	100
23518	14368	9	0	87.001	0	87.001	87.001
20175	9576	2	88.662	0.341	88.662	89.003	88.982
12339	8576	6	100	0	100	100	100
12338	7567	0	0	99.225	0	99.225	99.225
16693	9580	2	100	0	100	100	100
12200	13373	6	100	0	100	100	100
13792	10089	16	0	0	0	0	0
18584	13870	11	100	0	100	100	100
9292	8328	4	0	100	0	100	100
12345	13120	6	100	0	100	100	100
11768	15646	0	0	100	0	100	100
14229	11856	3	0	0	0	0	0
19025	18161	1	0	100	0	100	100
18735	17656	1	0	100	0	100	100
20616	13867	13	100	0	100	100	100
15677	9329	7	80.004	0	80.004	80.004	79.984
23668	18154	1	0	100	0	100	100
15828	13621	12	100	0	100	100	100
18157	19676	5	0	100	0	100	100
15683	14378	6	100	0	100	100	100
11330	13879	0	0	11.111	0	11.111	11.111
10171	14890	4	0	100	0	100	100
12195	9839	3	94.403	5.553	94.403	99.957	99.957
10450	6812	0	0	100	0	100	100
15399	18418	5	0	99.999	0	99.999	99.999
9435	7065	14	0	100	0	100	100
17428	16900	10	99.805	0.195	99.805	100	99.999
21204	19925	1	0	0	0	0	0
19598	12606	11	100	0	100	100	100
11037	11355	0	0.049	0.195	0.049	0.244	0.244
10460	13880	8	0	100	0	100	100
16698	13620	11	100	0	100	100	100
15389	11349	2	100	0	100	100	100
21778	15380	9	99.946	96.782	99.946	99.994	99.994
13506	13624	6	100	0	100	100	100
23521	16892	1	0	100	0	100	100
16270	19426	8	0	100	0	100	100
21199	15886	9	0	0	0	0	0
13943	14885	10	0.006	99.994	0.006	100	100
22209	11593	7	0.049	0	0.049	0.049	0.049
20760	13614	13	100	0	100	100	100
13360	12867	3	0	0	0	0	0
12201	13878	0	99.802	0.195	99.802	99.997	99.997
22936	13359	15	0	0	0	0	0
15249	14631	6	80	0	80	80	80
10168	12871	8	0	100	0	100	100
16120	15640	6	100	0	100	100	100
21922	14118	9	15.422	56.035	15.322	50.988	56.158
16839	10338	2	87.634	0.043	87.634	87.676	87.676
21777	14370	9	0.201	0.177	0.199	0.204	0.204
9153	13125	4	0	100	0	100	100
17718	16900	10	0	99.999	0	99.999	99.999
21201	17905	1	0	0	0	0	0
21631	13613	13	100	0	100	100	100
14526	16904	5	0	100	0	100	100
16266	15892	10	0.049	99.951	0.049	100	100
12928	15139	0	0	0	0	0	0
9879	13376	8	0	100	0	100	100
17422	12861	11	100	0	100	100	100
16983	9580	2	96.695	0.001	96.695	96.743	96.696
14515	8826	3	0	0	0	0	0
20911	17906	1	0	99.998	0	99.998	99.998
19456	14373	13	100	0	100	100	100
12919	8576	3	100	0.26	100	100	100
18150	14123	11	100	0	100	100	100
17418	9832	2	100	0	100	100	100
11181	11102	6	100	0	100	100	100
16260	11348	2	100	0	100	100	100
9881	14891	4	0	100	0	100	100
18011	18919	5	0	100	0	100	100
18300	18414	5	0	0	0	0	0
9587	11862	8	0	100	0	100	100
20622	18411	1	0	100	0	100	100
15252	17661	5	0	0	0	0	0
14232	13875	6	100	0	100	100	100
11766	14131	0	0	99.976	0	99.976	99.976
19595	10081	2	100	0	100	100	100
9870	6812	4	0	99.997	0	99.997	99.997
13214	12109	3	0	100	0	100	100
10596	7064	0	0	0	0	0	0
16112	9581	7	100	0	100	100	100
21058	19168	1	0	99.902	0	99.902	99.902
10600	10093	0	0	100	0	100	100
14090	16652	5	0	100	0	100	100
9444	13629	4	0	100	0	100	100
18153	16647	10	99.988	0.012	99.988	100	100
14377	14128	6	0	0	0	0	0
20908	15381	9	0.013	0.006	0.013	0.013	0.013
15974	14378	6	100	0	100	100	100
11189	17161	4	0	100	0	100	100
22798	18156	1	0	100	0	100	100
17861	15133	6	100	0	100	100	100
16271	19931	8	0	100	0	100	100
9299	13882	4	0	100	0	100	100
16697	13115	11	100	0	100	100	100
8569	10096	4	0	100	0	100	100
15972	13368	12	100	0	100	100	100
16417	20688	15	0	0	100	100	0
21051	13614	13	100	0	100	100	100
18001	11346	2	99.994	0	99.994	99.994	96.967
13368	18925	4	0	100	0	100	100
18301	18919	5	0	0.011	0	0.011	0.011
21056	17653	1	0	2.894	0	2.893	2.893
19028	20180	1	0	100	0	100	100
16409	14630	12	100	0	100	100	100
20620	17401	1	0.002	0.064	0.002	0.064	0.066
13367	18420	8	0	100	0	100	100
8861	12115	4	0	100	0	100	100
16997	20183	4	0	100	0	100	100
10741	7316	0	88.87	0.022	88.87	88.891	88.891
11043	15899	8	0	100	0	100	100
22799	19165	1	0	100	0	100	100
16403	9581	12	92.446	0.586	92.526	92.804	93.271
8569	10601	4	0	100	0	100	100
13064	8323	6	100	0	100	100	100
14239	18924	8	0	100	0	100	100
11903	7820	0	0	0	0	0	0
18738	20180	1	0	100	0	100	100
14958	14632	6	0	0	0	0	0
22942	17398	1	0	100	0	100	100
9584	9842	8	0	100	0	100	100
11478	15646	8	0	100	0	100	100
14806	9330	6	0	0	0	0	0
19600	14121	13	100	0	100	100	100
19450	10334	2	100	0	100	100	100
13070	12867	3	0	0	0	0	0
11044	16909	4	0	100	0	100	100
14525	15894	10	0	100	0	100	100
16557	16397	10	0	100	0	100	100
18881	18413	5	0.002	99.991	0	99.991	99.993
21626	10079	7	100	0	100	100	100
12784	16402	0	0	5.882	0	5.882	5.882
10608	16152	4	0	100	0	100	100
19014	9577	2	100	0	100	100	100
18873	12859	11	100	0	100	100	100
22647	14369	9	0.631	17.073	0.631	17.122	17.187
22355	12855	15	0.204	0	1.739	1.739	0.204
23080	12601	15	0	0	0	0	0
23664	15125	9	0.001	99.041	0.001	99.042	99.042
16695	11095	2	100	0	100	100	100
23086	17145	1	0	100	0	100	100
23515	11843	7	100	0	100	100	100
22935	12349	7	100	0	100	100	100
19452	11344	11	100	0	100	100	100
10456	11356	0	0	99.902	0	99.902	99.902
21784	19924	1	0	96.97	0	96.97	96.97
16843	13367	11	100	0	100	100	100
10308	8579	0	0	0	0	0	0
11770	17665	4	0	100	0	100	100
18442	16142	12	100	0	100	100	100
9446	15144	14	0	100	0	100	100
18725	10083	11	0	0	0	0	0
20902	11342	7	99.611	0	99.611	99.611	99.611
19596	10586	2	99.997	0	99.997	99.997	99.997
19164	13364	11	100	0	100	100	100
15535	11602	2	100	0	100	100	100
14812	13370	6	100	0	100	100	100
20756	10080	7	100	0	100	100	100
15102	13369	13	100	0	100	100	100
14670	16147	10	0	100	0	100	100
19454	12859	13	100	0	100	100	100
22065	12855	15	100	0	100	100	100
16706	19678	8	0	100	0	100	100
15834	18670	0	0	100	0	100	100
17277	12609	11	100	0	100	100	100
21781	17400	1	0	0	0	0	0
23377	17145	1	0	100	0	100	100
23224	11339	7	100	0	100	100	100
20040	17402	1	0	100	0	100	100
19889	12606	13	100	0	100	100	100
19318	19675	1	0	99.805	0	99.805	99.805
12055	13121	6	100	0	100	100	100
8424	10349	14	0	100	0	100	100
19017	12102	11	100	0	100	100	100
15097	9835	3	0	0	0	0	0
13075	16906	0	0	100	0	100	100
18436	11093	2	100	0	100	100	100
14385	19681	4	0	100	0	100	100
18879	17403	10	0	100	0	100	100
10746	10850	0	0	0.098	0	0.098	0.098
17573	16648	10	100	0	100	100	100
13501	9585	3	100	0	100	100	100
11180	10093	6	100	0	100	100	100
17424	13871	11	100	0	100	100	100
11467	7568	0	0	0	0	0	0
8715	10853	4	0	100	0	100	100
20762	14624	7	100	0	100	100	100
13072	14382	6	100	0	100	100	100
19750	17402	1	0	100	0	100	100
12492	14382	0	0	0	0	0	0
21776	13865	9	100	0	100	100	99.997
21347	18157	1	0	99.902	0	99.902	99.902
11185	13627	0	0	11.111	0	11.111	11.111
11614	9335	3	100	0.003	100	100	100
10167	11861	0	0	0	0	0	0
13942	13876	6	100	0	100	100	100
20331	17906	1	0	100	0	100	100
19751	18412	5	5.931	0.006	5.908	5.885	5.908
14820	19933	14	0	100	0	100	100
8425	10854	14	0	100	0	100	100
11908	11859	3	46.844	0.093	46.844	46.936	46.935
15975	15388	6	100	0	100	100	100
22797	17651	1	0	100	0	100	100
18291	11345	2	100	0	100	100	100
17567	12609	11	100	0	100	100	100
14961	16651	6	100	0	100	100	100
16989	14124	12	100	0	100	100	100
12773	7818	0	0	100	0	100	100
16266	16397	10	99.994	0.006	99.994	100	0.006
19173	20432	14	0	100	0	100	100
17862	16142	12	100	0	100	100	100
16113	10086	2	99.99	0.01	99.99	100	100
22501	13107	15	15.131	0	30.216	32.101	15.13
23659	11591	7	99.562	0.388	99.562	99.95	99.95
15396	16398	10	0	100	0	100	100
11905	9839	3	100	100	100	100	100
11033	8831	0	0.049	0.003	0.049	0.052	0.052
21928	18662	1	0	100	0	100	100
20041	18412	5	0	2.941	0	2.941	2.941
14957	13622	6	100	0	100	100	100
23078	11087	7	0	0	0	0	0
11186	14637	0	0	100	0	100	100
15395	15893	10	0	100	0	100	100
13077	18421	4	0	100	0	100	100
14818	18419	0	0	99.999	0	99.999	99.999
11471	10597	3	88.903	99.87	88.903	100	100
16259	10843	2	100	0	100	100	100
19015	10082	2	98.462	0	98.462	98.462	98.462
23663	14620	9	0	0.074	0	0.074	0.074
23234	18912	1	0	99.611	0	99.611	99.611
11188	16151	4	0	100	0	100	100
14810	11855	2	0.098	0	0.098	0.098	0.098
20037	15382	9	99.797	0	99.797	99.797	99.796
10312	11608	0	0	99.988	0	99.988	99.988
11916	17917	4	0	100	0	100	100
15106	16399	10	0	100	0	100	100
20763	15634	9	0	0	0	0	0
15826	12106	11	100	0	100	100	100
15110	19933	4	0	100	0	100	100
22940	15883	9	0.006	98.367	0.006	98.367	98.367
11185	14132	0	0	99.976	0	99.976	99.976
17717	15890	12	100	0	100	100	100
19608	20179	1	0	100	0	100	100
13647	10342	16	0	0	0	0	0
14084	11603	3	71.429	0	71.429	71.429	71.429
16264	14377	12	100	0	100	100	100
10751	14890	8	0	100	0	100	100
12047	7567	0	0	0	0	0	0
13209	8575	3	100	100	100	100	100
22071	17399	1	0	0	0	0	0
12640	16654	0	0	0	0	0	0
19461	18412	5	0	0	0	0	0
20900	9827	13	100	0	100	100	100
15833	17660	5	0	66.491	0	66.491	66.491
15687	16903	10	0	100	0	100	100
18144	9578	2	100	0	100	100	100
16704	18164	5	0	0.098	0	0.098	0.098
21493	18915	1	0	100	0	100	100
19739	9324	2	88.555	0.006	88.555	88.534	88.555
15110	19428	8	0	100	0	100	100
13804	19682	14	0	100	0	100	100
9442	12114	4	0	100	0	100	100
21778	14875	9	99.998	0	99.998	99.998	99.998
13219	15644	0	0	99.611	0	99.611	99.611
18446	18666	5	0	100	0	100	100
21488	15380	9	98.296	0.051	98.296	98.344	98.344
13649	11856	3	0	0	0	0	0
22650	16389	1	0	0.003	0	0.003	0.003
17713	12861	11	100	0	100	100	100
10023	12619	8	0	100	0	100	100
16699	14124	12	100	0	100	100	100
23374	15125	9	24.242	72.725	24.242	96.967	96.967
21203	18915	1	0	100	0	100	100
12498	18926	14	0	100	0	100	100
18725	10588	2	100	0	100	100	100
20042	18917	5	0	100	0	100	100
21054	16138	9	0	0	0	0	0
13513	18673	4	0	100	0	100	100
9588	12872	4	0	100	0	100	100
12932	18673	4	0	100	0	100	100
15831	16145	10	0	100	0	100	100
17859	14123	11	100	0	100	100	100
22352	10330	7	99.902	0.098	99.902	100	99.988
10462	15395	8	0	100	0	100	100
17709	10336	2	100	0	100	100	100
11618	12364	6	100	0	100	100	100
14081	9079	3	99.997	0.13	99.997	99.999	99.997
23088	18155	1	0	100	0	100	100
11474	13122	0	0	0.002	0	0.002	0.002
17136	15386	6	100	0	100	100	100
16415	19174	5	0	100	0	100	100
13365	16906	0	0	0.775	0	0.775	0.775
19019	13617	13	100	0	100	100	100
13220	16654	5	0	0	0	0	0
21779	15885	9	0.238	3.809	0.238	3.824	3.824
13078	18926	4	0	100	0	100	100
9004	9843	4	0	100	0	100	100
19173	19927	1	0	0.012	0	0.012	0.012
19886	10586	2	99.999	0	99.999	99.999	99.999
16414	18164	5	0	100	0	100	100
11620	13879	0	0	0	0	0	0
16267	16902	10	0	100	0	100	100
15401	20437	15	0	0	100	100	0
15102	13874	6	100	0	100	100	100
15252	17156	5	0	99.975	0	99.975	99.975
12783	15392	0	0	99.951	0	99.951	99.951
19166	14879	12	100	0	100	100	100
10463	16405	4	0	100	0	100	100
20177	11091	2	100	0	100	100	100
9298	12872	4	0	100	0	100	100
17573	17153	10	0	100	0	100	100
18729	13112	11	100	0	100	100	100
16547	9328	2	100	0	100	100	100
16552	12862	11	100	0	100	100	100
9730	10599	0	0	100	0	100	100
13067	10343	3	97.708	1.527	97.708	99.235	99.235
21925	16642	1	0	0	0	0	0
17719	17405	10	0	100	0	100	100
16837	9328	2	11.111	88.889	11.111	100	100
17709	9832	2	100	0	100	100	100
19458	15888	9	100	0	100	100	100
18872	11850	11	100	0	100	100	100
10741	6811	0	0	100	0	100	100
9008	12872	4	0	100	0	100	100
18434	9578	2	100	0	100	100	100
21489	15885	9	98.461	1.538	98.461	99.999	99.999
20769	20178	1	0	100	0	100	100
15970	11853	2	100	0	100	100	100
14523	14885	10	0	0	0	0	0
13944	15895	5	100	0	100	100	100
14373	11098	3	87.525	1.367	87.525	88.894	88.892
10316	14638	8	0	100	0	100	100
17131	11852	2	100	0	100	100	100
15387	9835	7	100	0	100	100	100
13802	17663	0	0	99.225	0	99.225	99.225
16116	12611	11	100	0	100	100	100
12204	16402	0	0	100	0	100	100
16124	18164	5	0	0	0	0	0
17711	11851	2	100	0	100	100	100
16416	19679	8	0	100	0	100	100
13069	11857	3	11.111	88.888	11.111	99.999	99.999
17563	9579	2	100	0	100	100	100
16122	16650	10	0	100	0	100	100
19022	15636	12	100	0	100	100	0
11905	9334	3	100	100	100	100	100
11904	8829	6	100	0	100	100	100
21338	11594	7	0	0	0	0	0
19606	18160	5	0	100	0	100	100
19893	16140	9	0	0	0	0	0
14517	9836	16	0	0	0	0	0
11612	7820	0	0	0	0	0	0
21202	18410	1	0.003	99.997	0.003	100	100
21918	11088	7	0	0	0	0	0
17854	10084	2	0	0	0	0	0
12349	16150	0	0	66.494	0	66.494	66.494
11622	15393	0	0	100	0	100	100
23089	19165	1	0	0	0	0	0
11767	15141	0	0	0	0	0	0
22208	11088	7	99.219	0	99.219	99.219	99.219
19748	16392	9	0	0	0	0	0
19608	19674	1	0	100	0	100	100
18009	17405	10	0	100	0	100	100
15681	12359	2	100	0	100	100	100
10596	7569	0	0.006	0.003	0.006	0.009	0.009
17720	18415	5	0	94.117	0	94.118	94.118
9444	14134	4	0	100	0	100	100
20473	15634	9	0.39	0	0.39	0.39	0.39
18293	12860	11	100	0	100	100	100
17432	19930	8	0	100	0	100	100
9882	15901	4	0	100	0	100	100
11623	15898	8	0	100	0	100	100
22792	14116	9	0	0	0	0	0
15241	9077	7	0	0	0	0	0
16840	11347	2	100	0	100	100	100
20616	14372	13	100	0	100	100	100
10174	16910	15	0	0	100	100	0
14091	17157	5	0	0.006	0	0.006	0.006
11179	9588	6	100	0	100	100	100
21193	11342	7	0	0	0	0	0
9872	8327	0	0	100	0	100	100
16701	16144	10	0	100	0	100	100
10317	15648	4	0	100	0	100	100
20327	15382	9	0.823	0	0.823	0.823	0.823
20186	18159	9	0	99.875	0	99.875	99.875
12490	13373	6	100	0	100	100	100
16262	12863	11	100	0	100	100	100
19307	11597	11	100	0	100	100	100
19594	9577	2	100	0	100	100	100
9875	10347	0	0	0	0	0	0
16555	15387	12	100	0	100	100	100
10163	8832	0	0	0.024	0	0.024	0.024
19887	11091	2	100	0	100	100	100
11181	10597	6	100	0	100	100	100
20320	9828	2	100	0	100	100	100
10745	10346	0	0	0.024	0	0.024	0.024
22062	10331	7	0	0	0	0	0
22354	11845	7	99.976	0	99.976	99.976	99.976
18447	19676	5	0	100	0	100	100
22499	11592	7	100	0	100	100	100
21922	14622	9	3.517	0.251	3.512	3.595	3.595
12056	14131	0	0	0	0	0	0
18296	15385	12	100	0	100	100	100
10164	9337	0	0	0	0	0	0
10025	14638	4	0	100	0	100	100
13502	10594	3	0.173	88.734	0.173	88.908	88.908
13800	16148	5	0	99.225	0	99.225	99.225
10311	11103	0	0	94.118	0	94.118	94.118
21772	10331	7	0	0	0	0	0
10168	12366	8	0	100	0	100	100
19316	18665	5	0	66.577	0	66.577	66.577
11758	8072	6	100	0	100	100	100
11178	8578	0	99.804	0.002	99.804	99.805	99.805
19170	17908	1	0	100	0	100	100
15685	15893	10	100	0	100	100	100
13510	16653	5	0	0.001	0	0.001	0.001
13506	13119	6	99.994	0.006	99.994	100	100
16561	19426	8	0	100	0	100	100
8712	8834	14	0	100	0	100	100
9440	11105	8	0	100	0	100	100
12775	9333	3	5.882	94.118	5.882	100	100
13948	18925	4	0	100	0	100	100
13221	17158	0	0	100	0	100	100
17138	17406	10	88.889	11.111	88.889	100	100
22790	12602	15	100	0	100	100	100
10607	15647	8	0	100	0	100	100
15393	14379	6	100	0	100	100	100
16263	13873	12	100	0	100	100	100
23377	17650	1	0	100	0	100	100
22211	13107	15	0.134	0	66.71	66.711	0.134
12195	9334	3	100	100	100	100	100
23369	11591	7	100	0	100	100	100
9874	9842	0	0	99.999	0	99.999	99.999
16990	14629	12	99.902	0	99.902	99.902	99.902
13215	12614	3	0.001	0	0.001	0.001	0.001
15979	18417	5	0	0	0	0	0
13654	15896	5	0	0.389	0	0.389	0.389
13946	16905	5	0	0.775	0	0.775	0.775
9292	8833	4	0	100	0	100	100
23519	15378	9	0	99.611	0	99.611	99.611
13790	8574	3	100	100	100	100	100
11333	15899	8	0	100	0	100	100
14524	15390	10	100	0	100	100	100
16408	13620	11	100	0	100	100	100
11321	6811	0	0	100	0	100	100
9149	10095	4	0	100	0	100	100
